contrato_id,data_concessao,idade,renda_mensal,divida_atual,atrasos_12m,tempo_emprego_meses,valor_solicitado,taxa_juros_mensal,prazo_meses,default_90d
CRD-00001,2025-11-21,68,1925.52,1850.03,3,118,7780.11,3.82,12,1
CRD-00002,2024-06-09,54,7716.88,8780.54,0,165,16373.37,2.94,6,0
CRD-00003,2026-01-04,19,8155.15,5180.39,3,118,43960.44,4.65,24,0
CRD-00004,2023-08-06,63,10905.66,5147.78,2,149,29230.16,2.3,6,1
CRD-00005,2024-01-31,71,1659.65,458.32,0,192,27010.8,2.25,36,0
CRD-00006,2026-01-22,57,3894.21,5752.82,0,218,23986.06,1.41,24,0
CRD-00007,2026-04-15,46,11547.51,17367.47,1,55,43204.83,4.46,18,0
CRD-00008,2025-10-19,30,4888.28,2568.12,0,163,4228.32,1.49,18,0
CRD-00009,2023-11-27,37,9003.72,5971.39,1,223,44013.45,2.91,18,0
CRD-00010,2024-04-17,34,16482.62,8075.5,5,1,41111.84,5.33,24,0
CRD-00011,2023-06-20,33,11741.53,13249.59,0,64,25977.02,1.12,48,0
CRD-00012,2024-11-28,34,6298.72,3011.43,0,16,41390.03,4.63,24,0
CRD-00013,2026-03-14,22,12774.0,14909.18,0,13,35987.9,2.2,6,0
CRD-00014,2024-06-15,65,8728.85,13901.39,0,101,9192.95,1.69,6,0
CRD-00015,2025-03-28,50,13687.53,694.03,0,75,28783.37,3.25,6,0
CRD-00016,2024-11-18,30,16430.4,9415.02,0,213,4596.52,4.32,12,0
CRD-00017,2023-05-18,45,12590.25,9113.62,0,206,1345.12,3.38,48,0
CRD-00018,2025-08-27,54,13999.7,7632.87,0,166,27877.99,4.03,6,0
CRD-00019,2026-04-12,59,13084.57,4257.75,2,152,8680.04,1.48,48,0
CRD-00020,2024-08-17,18,3103.89,1517.39,1,234,27656.11,3.32,6,0
CRD-00021,2024-01-24,36,4992.23,4220.96,0,181,18337.3,3.64,12,0
CRD-00022,2023-08-10,74,8242.32,2377.47,4,213,7973.22,4.23,6,0
CRD-00023,2025-10-27,51,3925.64,3964.44,0,78,31821.37,3.02,24,0
CRD-00024,2023-09-13,42,8093.88,8236.12,1,177,24776.85,3.14,24,0
CRD-00025,2024-07-13,54,16122.79,8976.7,1,27,41160.83,2.47,6,0
CRD-00026,2023-02-22,24,17935.99,27770.8,0,39,32594.08,3.56,12,0
CRD-00027,2025-12-28,74,2423.16,1302.93,0,27,16681.23,4.75,12,0
CRD-00028,2024-05-30,43,6211.01,5539.44,4,4,32945.16,1.75,24,0
CRD-00029,2024-05-20,66,15238.27,15635.75,5,41,1243.22,1.71,18,0
CRD-00030,2023-03-02,26,4038.17,3562.43,0,11,36758.58,3.19,36,0
CRD-00031,2026-01-01,63,16650.67,5940.12,5,240,30021.28,3.7,24,0
CRD-00032,2025-10-19,26,13158.25,19216.71,0,139,31775.36,5.04,6,0
CRD-00033,2024-05-08,62,2059.31,2178.64,0,75,38053.43,1.33,6,0
CRD-00034,2025-10-06,27,16049.0,10015.78,0,177,30556.07,4.64,18,0
CRD-00035,2023-05-13,69,14651.43,18998.61,0,71,8881.83,2.62,48,0
CRD-00036,2024-04-24,38,17813.87,17253.56,0,46,22254.51,4.81,48,0
CRD-00037,2026-03-26,42,4475.65,4077.78,0,142,8281.27,5.18,48,0
CRD-00038,2025-11-22,74,4582.28,4992.2,0,214,21106.36,3.96,48,1
CRD-00039,2024-04-18,57,16648.99,7908.36,1,60,16370.85,5.12,36,0
CRD-00040,2024-01-19,59,7495.78,3108.2,3,186,19646.06,3.65,12,0
CRD-00041,2023-01-07,41,6691.22,3575.22,0,15,16101.2,4.69,6,0
CRD-00042,2025-03-29,40,13405.36,12131.14,2,77,25832.33,4.0,24,0
CRD-00043,2023-01-24,55,7672.89,5332.89,4,33,34776.41,2.15,18,0
CRD-00044,2023-12-17,41,2611.12,3292.02,0,72,33501.28,2.32,36,0
CRD-00045,2024-11-01,40,6924.66,1428.37,2,212,9150.63,1.25,18,0
CRD-00046,2023-07-23,44,2998.04,2071.28,1,91,5650.24,4.39,24,1
CRD-00047,2025-04-03,64,6523.13,1410.59,0,221,36455.56,2.99,36,0
CRD-00048,2023-10-19,34,1562.95,2145.82,2,65,3667.94,2.14,12,1
CRD-00049,2023-03-22,30,8368.83,9525.38,3,202,36594.97,4.92,48,0
CRD-00050,2025-12-13,59,4263.32,4398.11,1,36,23605.19,3.04,48,0
CRD-00051,2024-10-17,70,10865.37,4417.77,4,79,30623.75,4.36,6,0
CRD-00052,2025-10-16,31,2572.06,771.38,2,149,19501.53,4.43,6,0
CRD-00053,2023-02-03,50,2855.48,2826.37,4,62,44581.53,1.56,24,0
CRD-00054,2026-04-05,61,4088.77,1730.14,2,188,34694.69,4.54,6,0
CRD-00055,2025-05-05,41,1844.07,2418.98,1,131,36211.56,2.17,48,0
CRD-00056,2024-06-01,23,2938.48,317.42,0,18,22935.35,2.44,24,1
CRD-00057,2025-12-27,68,2155.98,1838.15,5,17,19567.84,3.52,48,0
CRD-00058,2023-01-23,26,4579.9,5620.48,0,156,26168.25,4.89,6,0
CRD-00059,2024-09-17,20,6049.73,6343.46,1,66,10216.6,2.0,24,0
CRD-00060,2023-01-25,25,7396.31,10352.78,2,76,38080.73,1.11,12,0
CRD-00061,2023-04-07,66,3424.51,1955.92,0,191,20920.5,2.44,12,0
CRD-00062,2025-08-08,23,12764.9,3168.89,0,92,19508.23,4.89,24,0
CRD-00063,2026-02-19,53,7671.03,9670.95,2,205,34580.85,5.02,24,0
CRD-00064,2025-01-29,31,13274.22,19309.29,3,126,19519.55,4.34,36,0
CRD-00065,2026-03-21,47,9374.36,10004.66,0,55,27606.04,1.47,48,0
CRD-00066,2023-08-28,38,11955.29,3576.33,0,122,10737.25,2.31,18,0
CRD-00067,2025-07-23,32,13671.78,9369.66,0,213,4534.65,4.34,18,0
CRD-00068,2025-04-04,64,3283.59,2991.54,1,128,43313.35,3.65,48,0
CRD-00069,2025-11-10,30,2064.83,2107.96,2,90,39535.68,4.64,36,0
CRD-00070,2023-03-09,35,3160.31,4980.37,1,62,30046.03,4.27,18,0
CRD-00071,2024-05-30,44,11375.78,14096.54,1,115,4386.84,3.58,12,1
CRD-00072,2025-08-16,22,9974.93,13601.14,3,3,7000.05,1.34,18,0
CRD-00073,2024-12-14,66,4673.85,4282.79,0,15,31155.81,2.62,12,0
CRD-00074,2025-11-23,61,12584.58,5836.97,4,218,2391.69,4.44,24,0
CRD-00075,2023-12-04,75,8970.14,10160.86,0,135,24581.66,4.63,48,0
CRD-00076,2023-10-14,18,3648.04,5686.64,0,237,2182.74,1.27,18,0
CRD-00077,2023-12-22,24,1759.62,2150.17,0,195,43669.69,5.44,48,0
CRD-00078,2023-02-17,37,8763.65,9521.12,1,4,40248.71,2.33,36,0
CRD-00079,2025-06-06,36,8496.89,6792.3,1,66,42835.8,1.76,18,0
CRD-00080,2023-06-18,19,15073.85,23211.37,0,67,25682.43,2.92,6,0
CRD-00081,2023-04-07,60,9734.54,7521.02,0,63,7740.73,3.14,18,0
CRD-00082,2025-05-16,54,5120.54,6246.1,0,35,14411.73,2.76,36,0
CRD-00083,2024-03-13,21,15922.71,17017.65,0,208,36640.67,1.36,18,0
CRD-00084,2025-10-21,54,14648.37,5899.61,5,206,21310.46,3.85,12,0
CRD-00085,2023-09-06,61,5734.62,7766.37,0,120,1787.04,4.86,12,0
CRD-00086,2024-06-25,62,2382.52,2008.63,2,74,11631.7,2.19,24,0
CRD-00087,2025-08-30,33,14938.8,2990.61,2,43,21296.27,3.72,18,0
CRD-00088,2025-02-19,48,5417.75,6644.0,0,187,38055.11,2.66,18,0
CRD-00089,2024-10-07,59,1870.35,2449.04,5,177,15412.68,2.77,48,1
CRD-00090,2023-02-25,19,3970.27,958.35,3,67,5627.56,1.39,24,0
CRD-00091,2023-03-09,26,1592.23,332.48,2,167,26571.15,1.33,12,0
CRD-00092,2025-06-15,33,2651.43,2906.21,0,166,39015.73,4.55,48,0
CRD-00093,2023-09-03,44,13918.4,18306.43,1,172,6815.14,4.51,6,0
CRD-00094,2023-10-18,62,17391.12,9297.96,2,147,32421.68,2.47,6,0
CRD-00095,2024-10-10,27,10263.38,14051.37,0,54,20185.6,4.51,24,0
CRD-00096,2026-04-03,60,10197.46,11887.66,1,16,24396.5,2.29,18,0
CRD-00097,2024-04-16,50,17460.28,5824.88,0,50,16152.31,2.73,6,0
CRD-00098,2025-11-06,39,12914.83,19642.93,2,161,15530.07,3.94,6,0
CRD-00099,2026-04-14,75,16772.55,13729.14,0,128,32450.36,3.34,48,0
CRD-00100,2023-09-27,35,15033.24,19586.17,0,202,35715.02,2.4,48,0
CRD-00101,2025-03-10,55,13040.45,10603.56,0,74,35214.34,2.3,12,0
CRD-00102,2025-12-25,26,1963.14,1397.88,2,13,20016.44,2.8,24,0
CRD-00103,2024-03-01,55,6341.01,4586.48,5,172,21020.37,4.65,12,0
CRD-00104,2025-02-16,24,14433.61,18967.8,1,232,29600.15,2.38,12,1
CRD-00105,2024-12-26,56,3413.3,4857.9,0,120,7746.47,2.69,24,0
CRD-00106,2024-03-31,58,2122.49,2592.16,0,214,44630.59,4.86,48,0
CRD-00107,2023-08-02,36,5597.68,549.56,1,102,42887.2,2.69,12,0
CRD-00108,2024-04-18,62,3464.63,2290.38,0,34,17230.6,3.96,36,0
CRD-00109,2023-11-13,54,6332.64,6932.21,1,240,24277.44,5.27,18,0
CRD-00110,2024-06-25,64,3977.88,5900.0,0,202,38421.42,3.7,18,0
CRD-00111,2024-12-26,64,6979.65,8986.85,1,192,40396.61,4.23,36,0
CRD-00112,2024-08-12,73,15939.05,5078.44,2,186,5626.4,4.22,48,0
CRD-00113,2024-07-27,28,14696.93,10745.6,0,59,6666.35,1.74,12,0
CRD-00114,2025-08-03,70,11355.04,4240.38,3,235,6516.91,2.8,18,0
CRD-00115,2024-11-19,24,13194.17,16334.26,0,11,13094.89,5.16,6,0
CRD-00116,2023-10-06,69,4111.95,2613.34,0,32,43445.22,2.64,12,0
CRD-00117,2024-11-24,28,10229.49,10074.07,0,199,29523.34,4.09,36,0
CRD-00118,2024-07-12,57,17623.23,26759.6,0,239,40576.46,3.26,12,0
CRD-00119,2025-07-24,68,6684.54,3079.85,4,59,37040.44,5.48,12,0
CRD-00120,2023-06-13,40,13276.5,11365.29,0,108,34822.36,3.65,6,0
CRD-00121,2024-02-01,58,2081.67,549.2,0,113,34241.29,1.4,18,0
CRD-00122,2024-12-04,49,17232.4,19476.19,0,225,25960.89,4.56,6,0
CRD-00123,2026-03-08,22,7395.79,4456.22,0,7,16539.46,1.12,36,0
CRD-00124,2024-04-22,72,8922.72,865.48,2,93,3086.89,3.84,12,0
CRD-00125,2023-06-25,51,3150.48,793.22,0,50,40097.7,2.31,18,0
CRD-00126,2025-02-03,71,2257.74,3537.86,0,177,20860.99,5.11,48,0
CRD-00127,2023-11-05,53,1844.89,519.4,1,5,811.43,1.36,48,0
CRD-00128,2024-07-25,33,11829.04,2157.11,0,193,6158.75,3.67,36,0
CRD-00129,2023-06-04,69,17933.04,20345.0,1,198,2470.88,2.13,36,0
CRD-00130,2025-01-08,57,16455.09,23616.16,0,119,42616.57,1.61,6,0
CRD-00131,2025-06-07,74,4681.83,1660.87,2,142,24039.25,1.35,36,0
CRD-00132,2023-09-07,19,6097.96,938.53,0,44,42999.67,4.33,6,0
CRD-00133,2025-09-19,61,8765.45,8933.52,0,167,16250.05,4.18,36,0
CRD-00134,2023-03-30,71,7012.2,11120.52,1,148,34085.11,2.44,24,0
CRD-00135,2023-12-31,39,4321.19,1877.85,0,75,30730.23,1.66,6,0
CRD-00136,2024-04-07,35,10366.93,2524.37,2,35,2539.72,4.59,48,0
CRD-00137,2025-09-24,34,6777.61,821.97,4,67,40874.59,1.74,48,0
CRD-00138,2025-05-21,63,4610.09,2344.86,3,220,26170.55,2.36,24,0
CRD-00139,2025-05-09,65,8855.6,13738.67,0,229,30802.27,4.06,48,0
CRD-00140,2023-06-26,59,16312.97,24758.46,1,115,12766.4,1.43,24,1
CRD-00141,2026-03-31,57,8998.32,2559.27,0,24,23076.96,3.85,18,0
CRD-00142,2023-08-13,35,4996.0,3910.37,0,41,13120.29,2.04,18,0
CRD-00143,2025-06-17,35,12618.09,12319.49,5,238,40308.31,5.42,24,0
CRD-00144,2025-11-08,41,1445.53,160.28,1,52,17992.84,1.4,24,0
CRD-00145,2023-04-13,67,14453.71,4720.19,0,179,40702.28,1.71,12,0
CRD-00146,2023-08-30,42,12492.62,18991.93,0,54,43404.38,4.52,24,0
CRD-00147,2024-11-30,50,17837.73,28236.44,0,64,1014.8,3.53,36,0
CRD-00148,2025-03-06,18,7192.18,6903.17,0,37,31989.26,1.9,36,0
CRD-00149,2026-01-06,59,10358.23,12141.55,0,224,15547.08,3.26,36,0
CRD-00150,2024-05-18,43,2166.55,3311.1,0,231,41023.81,1.42,18,0
CRD-00151,2025-06-27,69,12260.32,2988.64,0,112,33166.61,3.46,24,0
CRD-00152,2024-07-11,24,14951.69,1387.52,0,12,19637.61,1.21,18,0
CRD-00153,2023-06-12,60,14467.18,6273.79,0,14,35449.89,4.33,24,0
CRD-00154,2025-02-20,62,17864.43,25585.3,0,100,25544.02,1.46,24,0
CRD-00155,2024-09-08,65,8648.61,12161.92,4,229,21928.01,3.26,18,0
CRD-00156,2026-01-09,37,5632.45,3552.48,0,110,6189.71,1.76,6,0
CRD-00157,2025-10-27,29,5949.29,4807.03,0,60,28547.32,2.2,24,0
CRD-00158,2024-03-24,55,4840.18,2179.39,1,22,28778.29,1.7,36,0
CRD-00159,2025-08-02,25,16291.09,21449.53,0,81,25692.86,1.2,12,0
CRD-00160,2024-06-13,40,15695.35,4156.9,1,75,32552.16,5.27,24,0
CRD-00161,2025-08-09,42,8926.1,11446.44,0,213,37381.17,2.27,24,0
CRD-00162,2023-07-22,70,1517.3,818.22,1,215,10995.76,1.47,48,0
CRD-00163,2025-07-10,43,6547.94,4794.83,0,236,35581.44,4.04,18,0
CRD-00164,2023-04-06,26,14952.6,17424.92,0,221,11925.49,5.38,6,0
CRD-00165,2024-11-05,29,9702.22,11574.34,0,165,6973.78,3.02,6,0
CRD-00166,2026-02-17,27,9550.79,1395.71,1,138,23757.81,3.43,24,0
CRD-00167,2026-02-08,20,7385.84,8845.44,0,2,19855.71,4.12,24,0
CRD-00168,2025-12-13,61,16180.83,5076.9,3,120,35436.73,2.12,18,0
CRD-00169,2024-02-19,33,1976.04,1262.39,0,79,19137.94,5.32,12,0
CRD-00170,2026-03-06,33,14681.67,2730.29,0,50,4732.12,4.16,12,0
CRD-00171,2023-02-13,34,15025.24,21637.83,0,29,36202.93,3.34,36,0
CRD-00172,2023-11-11,24,10227.5,5951.02,0,96,6697.59,2.37,18,0
CRD-00173,2025-12-07,22,2642.01,921.87,1,240,11980.46,3.1,24,0
CRD-00174,2024-05-09,43,17296.92,24449.66,0,129,20967.43,5.17,24,0
CRD-00175,2026-01-16,54,16570.2,11924.59,3,169,44425.75,4.65,18,0
CRD-00176,2023-10-16,61,13195.81,15888.44,0,65,3818.5,3.97,24,0
CRD-00177,2025-06-04,73,16405.7,18429.77,1,192,26575.42,1.59,24,0
CRD-00178,2025-03-16,61,16908.91,8878.94,0,181,42744.82,3.7,36,0
CRD-00179,2025-07-26,48,6113.69,4395.76,3,215,5967.98,5.35,36,0
CRD-00180,2025-10-09,56,13466.3,13326.44,5,24,36719.26,1.12,6,0
CRD-00181,2023-01-19,60,12682.61,20229.43,0,185,33561.3,4.9,24,0
CRD-00182,2026-03-17,35,4036.83,5927.74,0,221,36232.99,3.9,18,1
CRD-00183,2024-01-10,24,13534.76,8705.16,3,209,44391.07,2.29,24,0
CRD-00184,2024-12-23,27,6987.26,4768.48,1,61,27391.85,5.44,18,1
CRD-00185,2024-07-20,21,4530.94,1149.9,0,62,30572.97,1.5,48,1
CRD-00186,2024-07-14,21,9608.97,5147.74,3,194,24095.74,2.35,12,0
CRD-00187,2023-01-30,65,16076.81,13991.49,0,89,2977.75,2.33,36,0
CRD-00188,2026-03-03,47,4925.15,6865.83,4,132,3191.57,3.67,6,0
CRD-00189,2023-01-25,24,3719.25,1741.49,0,202,9737.76,1.21,48,0
CRD-00190,2025-09-28,59,10650.55,4422.05,0,177,11475.46,5.19,12,0
CRD-00191,2025-01-01,32,9526.01,5712.07,0,102,3667.32,1.66,18,0
CRD-00192,2025-03-08,24,6720.14,6142.18,0,120,42242.34,1.89,18,0
CRD-00193,2024-06-29,63,16195.83,7011.95,0,198,26307.85,4.93,6,0
CRD-00194,2024-06-05,32,15215.66,23442.24,0,240,29161.74,2.01,48,0
CRD-00195,2024-11-07,75,5542.71,711.33,0,159,38576.77,3.47,18,0
CRD-00196,2023-09-27,56,14885.11,11660.83,0,227,37584.72,1.41,6,0
CRD-00197,2024-05-11,68,5069.39,7474.24,1,29,7343.29,3.04,18,0
CRD-00198,2023-07-03,61,6629.97,7195.73,0,74,36250.22,1.47,12,0
CRD-00199,2024-10-28,20,17718.2,1808.58,4,101,38651.77,4.28,6,0
CRD-00200,2024-08-17,70,13304.55,17867.32,0,65,39543.61,2.83,12,0
CRD-00201,2023-01-16,47,13829.23,12768.69,2,151,4906.39,1.75,48,0
CRD-00202,2023-11-18,21,3894.09,5746.76,4,102,32526.9,2.15,48,0
CRD-00203,2023-04-26,31,9820.7,13924.55,0,140,14926.66,3.22,12,0
CRD-00204,2025-05-16,26,10370.76,6500.46,0,12,26789.67,5.06,18,0
CRD-00205,2024-08-03,53,9940.35,13754.7,1,122,41986.76,4.99,24,0
CRD-00206,2024-07-15,58,3401.89,1043.81,1,119,29716.64,2.16,12,0
CRD-00207,2025-04-26,51,5055.64,5830.13,3,91,29464.02,5.38,18,0
CRD-00208,2023-09-05,49,16975.36,21141.08,0,192,18958.18,1.98,12,0
CRD-00209,2025-10-20,61,6605.46,10447.01,0,132,16997.13,4.57,24,0
CRD-00210,2023-01-26,58,7358.99,9687.15,0,149,18850.75,4.57,12,1
CRD-00211,2024-07-11,58,13108.63,9752.04,0,47,25966.11,2.84,12,0
CRD-00212,2024-06-27,48,2865.38,2647.98,0,228,6452.39,1.51,36,0
CRD-00213,2025-04-26,22,11922.7,16104.32,0,165,6566.41,3.23,18,1
CRD-00214,2026-01-21,68,3789.1,2712.8,0,48,28152.18,3.18,24,0
CRD-00215,2023-11-01,60,3977.24,3838.13,0,5,28201.07,1.98,12,0
CRD-00216,2024-09-17,75,11461.44,3525.58,1,9,4643.16,5.45,12,0
CRD-00217,2024-11-03,21,10646.07,954.36,2,174,29371.38,3.7,36,0
CRD-00218,2025-07-26,19,9166.11,13725.69,1,169,13797.36,3.29,6,0
CRD-00219,2025-02-11,62,17184.67,12533.94,0,78,18446.35,5.41,36,0
CRD-00220,2024-03-06,50,5084.88,7578.46,2,175,43574.78,3.89,12,0
CRD-00221,2024-01-06,58,15988.02,19221.99,4,5,24198.49,2.58,24,1
CRD-00222,2024-03-07,67,4141.78,3267.54,0,98,25797.99,4.84,12,0
CRD-00223,2025-04-25,70,6834.75,8121.96,0,63,28734.72,2.44,48,0
CRD-00224,2024-01-30,61,11455.26,3513.93,5,187,30945.45,3.16,12,0
CRD-00225,2024-12-24,37,5605.03,2464.41,3,111,19195.49,1.56,36,0
CRD-00226,2025-10-25,42,13499.2,8758.54,1,97,39257.93,2.84,48,0
CRD-00227,2024-05-28,34,13787.08,15549.97,4,158,43540.03,2.3,6,0
CRD-00228,2023-06-20,45,13914.93,15365.98,2,167,30671.93,3.84,36,0
CRD-00229,2026-02-23,32,13140.79,9152.38,0,171,14046.55,1.31,48,0
CRD-00230,2024-01-26,44,12285.85,17159.42,1,140,2022.54,2.84,36,0
CRD-00231,2024-05-22,57,2530.74,656.96,3,236,9794.31,5.35,36,0
CRD-00232,2023-06-07,24,14797.08,2828.33,1,41,7869.48,4.62,36,0
CRD-00233,2023-11-08,30,14088.74,4643.51,0,40,11428.34,1.54,12,0
CRD-00234,2023-01-10,29,14907.23,9871.8,2,56,30806.91,2.38,6,0
CRD-00235,2024-01-19,25,4188.16,504.79,0,141,27090.35,2.98,12,0
CRD-00236,2025-09-22,43,11732.26,11577.54,3,63,5117.6,4.5,36,0
CRD-00237,2023-06-12,42,12978.3,925.34,1,177,5449.79,3.66,18,0
CRD-00238,2025-12-20,31,15392.06,21849.66,3,45,42304.29,4.84,36,1
CRD-00239,2024-09-15,25,16500.53,13125.96,0,19,14617.63,4.26,6,0
CRD-00240,2025-09-15,29,9122.26,9312.48,3,177,25218.27,1.15,6,1
CRD-00241,2023-01-20,52,15406.52,2041.43,1,169,44613.85,4.26,48,0
CRD-00242,2023-08-20,61,4754.95,4859.58,1,30,8699.48,2.0,6,0
CRD-00243,2026-01-23,61,1815.12,2513.46,3,55,8665.32,4.17,48,1
CRD-00244,2023-03-29,23,13918.57,4728.12,0,42,16753.81,3.98,12,0
CRD-00245,2024-03-16,42,3254.27,2365.24,1,186,13623.9,3.43,24,0
CRD-00246,2025-06-05,47,12681.91,2629.55,2,103,20510.29,1.59,48,0
CRD-00247,2024-01-22,73,10314.49,12296.16,4,2,8734.71,1.52,18,0
CRD-00248,2026-03-20,48,13916.61,10021.08,0,5,8341.94,1.28,48,0
CRD-00249,2023-01-25,30,14794.87,22360.55,0,220,1823.49,5.26,6,0
CRD-00250,2024-10-16,34,11498.35,5583.24,0,171,15948.12,3.07,36,1
CRD-00251,2025-10-13,45,6710.51,6032.82,0,126,20538.88,2.12,24,0
CRD-00252,2025-07-09,60,11525.53,1460.77,0,168,32892.61,5.48,18,0
CRD-00253,2023-06-22,28,15190.91,8759.09,0,83,15283.15,5.04,24,0
CRD-00254,2024-01-19,25,4172.17,4355.43,5,63,41899.25,1.71,48,0
CRD-00255,2024-01-31,45,10482.58,4362.85,0,28,4777.6,1.79,12,0
CRD-00256,2024-01-02,43,15507.21,13614.61,0,159,27166.98,2.7,18,0
CRD-00257,2023-06-09,47,2465.98,2701.07,1,213,12873.9,5.28,6,0
CRD-00258,2025-11-10,30,12493.67,5882.65,0,208,38715.08,3.59,48,0
CRD-00259,2023-02-21,37,12312.24,3736.37,4,204,12054.05,1.35,36,0
CRD-00260,2023-09-12,66,12766.68,19240.05,1,169,23837.73,3.64,18,1
CRD-00261,2025-05-02,55,15027.71,8560.77,0,204,31527.96,3.14,18,0
CRD-00262,2023-07-13,37,3545.49,3279.46,2,25,22190.11,3.6,18,0
CRD-00263,2023-11-09,53,2646.68,3822.39,3,120,34320.5,1.28,6,0
CRD-00264,2025-06-20,26,5576.27,8793.9,4,79,20783.53,4.95,18,0
CRD-00265,2024-01-09,51,15709.83,18525.33,0,235,16416.45,3.69,36,0
CRD-00266,2023-12-18,74,10623.44,13438.15,0,129,22849.21,5.41,12,0
CRD-00267,2024-06-06,70,4968.34,5829.69,2,229,31053.2,1.17,36,1
CRD-00268,2024-09-23,36,5428.46,4503.97,1,51,32352.94,4.62,36,0
CRD-00269,2025-03-15,40,6147.56,1596.76,0,150,25429.86,2.5,12,0
CRD-00270,2023-12-07,27,13187.87,12981.56,1,142,19200.81,3.1,24,0
CRD-00271,2023-01-07,58,5532.21,8622.67,3,213,11172.6,2.47,12,0
CRD-00272,2024-06-20,26,2338.25,495.14,0,63,12741.5,1.36,6,0
CRD-00273,2025-05-01,28,7615.02,8521.63,0,177,44334.75,1.88,36,0
CRD-00274,2024-06-29,69,10639.64,3532.56,0,94,21104.16,2.35,48,0
CRD-00275,2023-10-29,24,3345.41,4874.36,1,79,9789.65,4.93,24,1
CRD-00276,2023-12-08,23,7036.26,10051.88,0,146,15494.28,3.92,48,0
CRD-00277,2025-11-01,41,10599.94,12336.41,0,161,34757.77,2.77,6,0
CRD-00278,2023-12-22,60,4079.57,907.41,5,105,12871.49,3.26,24,0
CRD-00279,2024-02-23,59,6185.34,5933.51,3,114,8470.0,3.04,36,0
CRD-00280,2024-05-06,21,11664.13,16531.99,0,166,25990.44,1.62,24,0
CRD-00281,2024-07-23,54,6647.0,1560.75,0,167,4128.01,3.43,12,0
CRD-00282,2024-06-16,30,16628.86,23969.03,0,120,36724.3,3.55,6,0
CRD-00283,2024-05-03,52,1826.8,1516.09,0,104,44102.4,5.08,48,0
CRD-00284,2023-05-26,58,12697.2,19891.97,4,79,9886.99,1.31,24,0
CRD-00285,2025-04-26,46,1619.89,1137.35,2,100,5849.05,1.22,18,0
CRD-00286,2025-10-02,62,11478.46,16247.48,0,220,35974.42,3.38,48,0
CRD-00287,2024-12-17,24,2013.77,1156.22,0,218,34955.25,3.03,6,0
CRD-00288,2024-06-04,29,16346.51,8885.19,0,49,4397.73,1.29,24,0
CRD-00289,2025-11-13,58,4139.95,6164.19,1,107,35682.75,5.33,12,0
CRD-00290,2026-01-27,41,3272.81,1039.48,1,228,4333.72,4.39,6,0
CRD-00291,2025-07-16,34,15517.75,15651.82,2,159,27519.38,3.9,12,0
CRD-00292,2024-06-11,59,1938.18,282.13,0,22,13099.29,2.29,24,0
CRD-00293,2024-12-25,28,5099.11,4114.59,0,217,24370.1,2.96,36,0
CRD-00294,2024-10-24,62,13096.87,17769.02,2,182,39127.6,2.3,24,0
CRD-00295,2024-04-15,38,4941.45,6018.48,0,196,27709.15,1.85,24,1
CRD-00296,2025-03-09,19,9332.48,7254.18,3,165,24431.18,4.76,24,0
CRD-00297,2026-01-01,18,6577.26,6708.07,0,151,10454.08,2.3,18,0
CRD-00298,2023-02-22,51,14967.31,6081.55,0,61,15872.21,4.66,18,0
CRD-00299,2025-05-08,37,14140.48,14573.8,1,99,19608.64,1.17,48,0
CRD-00300,2023-12-18,23,9168.85,13494.13,0,125,15238.08,1.46,36,1
CRD-00301,2023-08-01,74,6230.0,4071.93,1,98,14537.43,3.98,12,0
CRD-00302,2024-04-24,41,15586.45,9119.79,0,129,16227.56,4.56,12,0
CRD-00303,2024-11-08,46,6983.68,9020.89,1,121,34961.41,4.46,48,1
CRD-00304,2024-04-02,73,16248.86,24012.23,4,199,35013.81,3.12,18,0
CRD-00305,2023-06-05,39,10698.17,12962.98,2,187,41485.43,1.78,48,0
CRD-00306,2025-10-04,67,10543.44,5273.64,0,152,38180.03,1.33,12,0
CRD-00307,2026-02-26,72,15544.86,21303.81,1,163,40923.83,3.83,24,0
CRD-00308,2026-04-12,54,6840.74,2060.9,2,102,22738.72,4.09,36,0
CRD-00309,2023-01-02,34,2275.41,326.16,0,133,15802.32,1.27,6,0
CRD-00310,2024-10-17,38,7085.31,8201.05,4,73,7142.8,3.58,12,0
CRD-00311,2025-09-14,33,15296.8,13647.87,0,52,30666.6,3.78,18,0
CRD-00312,2023-02-14,50,4073.01,1998.61,0,34,32757.31,4.39,18,0
CRD-00313,2025-12-15,51,3736.24,2490.96,0,68,39923.36,1.44,24,0
CRD-00314,2024-01-22,62,4535.0,1238.42,0,98,40665.49,5.49,36,0
CRD-00315,2025-02-26,33,2081.71,434.53,4,17,22058.57,4.64,12,1
CRD-00316,2024-07-30,59,17757.9,21200.75,1,16,23103.47,2.74,18,1
CRD-00317,2024-02-12,48,5546.7,5888.78,3,14,30191.69,4.08,36,1
CRD-00318,2025-04-30,64,10368.77,12269.36,1,18,2188.55,2.16,24,0
CRD-00319,2025-07-23,40,9677.93,7349.54,0,62,38516.38,2.61,18,0
CRD-00320,2024-11-08,62,6360.0,6405.12,0,65,40558.53,3.32,18,0
CRD-00321,2024-02-23,41,4753.9,5922.66,2,28,40657.02,1.71,12,0
CRD-00322,2024-01-22,74,5301.65,670.34,1,193,6780.0,4.14,6,0
CRD-00323,2024-11-19,19,4815.86,5307.12,5,80,43842.17,3.39,24,0
CRD-00324,2025-02-28,63,1779.11,1127.24,0,36,36172.41,2.96,6,0
CRD-00325,2025-06-13,75,6709.12,10724.97,2,77,14312.37,3.33,24,1
CRD-00326,2026-03-31,21,17322.45,15968.79,0,66,30011.89,3.09,12,0
CRD-00327,2023-12-10,28,11080.0,1475.9,1,212,21926.97,1.84,12,0
CRD-00328,2023-08-17,52,13692.75,17132.7,0,159,9916.04,3.13,12,0
CRD-00329,2024-09-06,40,10314.41,9000.55,2,155,40315.32,3.7,6,0
CRD-00330,2024-07-19,70,7775.94,9129.76,1,18,33911.99,4.18,24,0
CRD-00331,2026-04-11,34,12303.07,6206.52,0,65,34721.52,1.74,6,1
CRD-00332,2025-02-08,41,17477.68,5475.87,3,225,39645.49,4.34,18,0
CRD-00333,2024-12-10,25,5643.72,8072.77,2,129,26786.17,4.45,48,0
CRD-00334,2025-05-17,66,6400.94,4798.86,0,239,28030.1,4.42,48,0
CRD-00335,2024-09-26,47,17220.72,24982.64,2,233,23055.08,1.22,24,0
CRD-00336,2023-03-29,24,16345.13,1639.43,1,62,12727.36,4.84,24,0
CRD-00337,2023-06-29,35,3022.55,3260.17,0,125,26763.32,1.66,18,0
CRD-00338,2024-02-17,66,9391.76,12741.79,0,74,29423.79,4.26,36,0
CRD-00339,2023-04-17,74,13923.76,11268.82,3,87,41482.84,5.32,24,0
CRD-00340,2025-01-17,61,10049.74,8417.06,0,191,21489.84,4.15,24,0
CRD-00341,2026-03-04,65,2743.78,1929.21,1,150,40203.7,5.41,12,0
CRD-00342,2025-04-26,22,7840.96,5342.55,0,146,39811.29,2.48,12,0
CRD-00343,2023-06-02,41,4837.03,2747.64,5,48,6621.09,5.09,24,0
CRD-00344,2026-03-08,65,11476.06,1772.28,0,38,29142.77,2.99,18,0
CRD-00345,2025-09-13,70,10663.51,13091.67,3,149,22284.92,2.44,36,0
CRD-00346,2023-04-30,49,11816.05,18729.9,2,22,26067.09,5.19,48,0
CRD-00347,2024-12-12,64,2245.77,2578.96,0,225,37520.39,1.91,6,0
CRD-00348,2026-04-15,67,8404.47,2154.72,0,31,6729.12,2.34,6,0
CRD-00349,2025-10-25,33,3235.9,2120.17,5,193,27582.49,3.61,24,0
CRD-00350,2025-03-06,68,17936.84,19012.29,3,93,30297.18,2.1,12,1
CRD-00351,2024-12-23,41,4284.69,294.4,0,107,21593.89,3.92,24,0
CRD-00352,2024-09-02,71,11697.67,5830.86,2,134,14474.95,1.39,48,0
CRD-00353,2024-09-23,29,1986.56,2732.46,0,53,1616.2,4.41,48,0
CRD-00354,2024-04-14,71,8778.52,12207.0,5,53,33868.21,2.53,24,0
CRD-00355,2026-01-11,71,2742.34,2503.82,1,39,1368.71,2.17,24,1
CRD-00356,2023-10-12,53,15625.33,17071.12,2,85,23146.45,5.43,18,0
CRD-00357,2023-12-02,23,4717.85,4985.02,1,17,32189.56,1.51,24,0
CRD-00358,2025-03-16,59,9441.48,9295.04,2,54,28979.62,2.97,48,0
CRD-00359,2024-10-30,35,16979.31,8842.21,0,19,29531.95,1.8,18,0
CRD-00360,2024-07-23,19,1568.84,567.34,1,157,2976.78,1.86,12,0
CRD-00361,2024-02-16,34,9543.43,3712.36,1,51,30250.22,1.57,48,0
CRD-00362,2023-07-20,39,7092.97,9649.33,0,177,15386.99,3.09,6,0
CRD-00363,2026-02-11,68,14900.64,19876.21,2,14,17116.59,3.31,6,1
CRD-00364,2024-08-21,56,3488.31,4814.19,0,39,13354.51,4.86,6,0
CRD-00365,2023-12-13,63,9708.26,2892.66,2,130,11317.78,3.31,6,0
CRD-00366,2024-05-18,23,6844.9,3276.19,0,128,19083.59,3.63,24,0
CRD-00367,2023-10-02,69,15628.17,11451.05,3,36,23259.96,5.48,24,0
CRD-00368,2023-02-18,26,3201.45,2976.13,0,69,32112.81,3.58,36,0
CRD-00369,2024-06-08,38,6461.69,8894.97,1,76,9185.27,4.85,24,0
CRD-00370,2026-01-15,45,9372.28,12217.9,0,102,4195.63,4.98,18,0
CRD-00371,2026-04-08,62,11780.54,889.51,2,226,41270.92,4.21,18,0
CRD-00372,2026-03-01,65,11266.01,13140.76,2,132,9087.86,5.26,18,0
CRD-00373,2026-04-01,23,17323.95,21187.69,2,99,36472.34,5.16,12,0
CRD-00374,2025-04-19,51,11976.15,1168.52,0,144,35055.05,4.05,24,0
CRD-00375,2024-04-02,63,10279.47,16371.4,0,1,30367.2,1.23,12,0
CRD-00376,2025-05-24,48,10539.64,9497.85,4,41,1304.17,5.12,24,0
CRD-00377,2024-05-27,75,17643.13,12993.4,4,52,29391.57,2.08,24,0
CRD-00378,2024-12-12,72,7402.51,5912.17,0,26,26405.29,4.16,18,0
CRD-00379,2023-03-11,43,9540.37,4721.09,3,50,26831.73,3.25,24,0
CRD-00380,2024-11-30,45,4740.36,2029.74,0,186,27187.06,3.7,36,0
CRD-00381,2025-11-25,45,12253.12,10016.79,5,184,30019.8,4.42,36,0
CRD-00382,2023-12-27,74,3466.9,4740.1,0,25,6837.65,3.7,24,0
CRD-00383,2026-02-28,21,3521.15,1661.24,0,131,40340.71,4.12,18,0
CRD-00384,2025-08-14,18,1634.55,311.33,0,32,37573.64,3.78,6,0
CRD-00385,2025-11-29,38,1824.55,2682.76,1,228,41694.56,3.08,18,0
CRD-00386,2024-05-14,66,7915.31,11654.47,2,162,14459.13,3.28,36,0
CRD-00387,2023-08-08,38,5250.82,4932.06,5,142,27513.71,1.56,36,0
CRD-00388,2024-08-24,60,7674.19,1188.81,0,28,9689.85,1.16,36,0
CRD-00389,2026-04-08,30,11980.86,12757.9,2,92,28657.44,1.56,18,0
CRD-00390,2023-05-10,38,11379.32,15734.4,0,76,8139.5,3.64,36,0
CRD-00391,2023-10-13,52,8844.78,9008.64,3,10,33008.45,2.1,48,1
CRD-00392,2025-03-04,71,8831.13,6173.34,0,219,19815.1,5.47,48,0
CRD-00393,2024-09-26,31,10091.56,15175.42,3,215,3939.69,1.99,36,1
CRD-00394,2024-02-03,24,11557.44,18022.09,1,137,21182.19,2.38,36,1
CRD-00395,2025-07-05,29,4662.78,1959.15,1,146,30171.31,3.89,24,0
CRD-00396,2024-09-24,53,13885.04,5910.19,0,2,21659.03,2.63,18,0
CRD-00397,2023-04-26,71,3345.85,1325.15,3,20,36721.69,3.34,24,0
CRD-00398,2026-02-18,26,8139.46,6113.51,0,35,44449.19,4.54,6,0
CRD-00399,2023-03-10,57,15917.89,2253.45,0,114,14925.87,3.03,12,0
CRD-00400,2025-09-14,73,5354.57,7205.85,0,4,17510.76,3.25,48,1
CRD-00401,2025-08-11,43,4217.81,5177.0,0,238,8533.56,2.52,18,1
CRD-00402,2024-09-25,46,10964.71,7587.81,4,179,16866.18,4.16,18,0
CRD-00403,2025-11-27,72,14107.59,8477.79,2,207,13934.96,4.67,18,0
CRD-00404,2023-08-19,41,3715.63,2600.4,3,155,26146.27,1.31,6,0
CRD-00405,2024-04-20,40,14047.5,2945.62,0,189,19928.9,5.03,6,0
CRD-00406,2023-05-04,66,6708.13,4783.76,2,127,44698.86,3.96,36,0
CRD-00407,2026-04-08,45,1553.47,1542.92,0,189,10060.72,1.4,18,0
CRD-00408,2024-09-04,75,13062.29,4246.42,0,131,42925.74,1.33,18,0
CRD-00409,2024-09-07,74,7655.25,8548.11,3,200,24689.22,1.76,18,0
CRD-00410,2024-11-21,72,3697.55,4593.93,0,87,4209.16,4.9,36,0
CRD-00411,2024-02-19,35,16980.21,17639.9,0,138,24841.09,4.73,48,0
CRD-00412,2025-03-09,63,13667.16,19918.46,0,97,5666.5,3.41,48,0
CRD-00413,2025-05-05,29,9886.73,10178.42,1,119,43169.39,2.2,12,0
CRD-00414,2026-02-21,66,11901.08,1048.57,1,89,29594.2,2.33,48,0
CRD-00415,2023-11-14,54,4477.99,3879.03,1,223,9163.09,1.64,18,0
CRD-00416,2025-11-11,18,2898.59,3713.06,5,239,43343.67,2.08,24,0
CRD-00417,2025-01-08,41,4478.13,1894.3,1,223,33169.63,5.11,18,0
CRD-00418,2024-05-04,67,2469.44,2187.16,0,138,40471.31,5.01,6,0
CRD-00419,2025-10-31,48,2249.35,922.18,0,8,9773.72,5.13,12,0
CRD-00420,2026-01-24,41,6817.97,3540.47,1,79,44286.34,3.65,24,0
CRD-00421,2024-02-03,65,3064.34,4087.5,0,183,20101.53,1.71,18,0
CRD-00422,2024-08-21,31,2390.73,1667.85,3,105,40899.26,2.48,18,0
CRD-00423,2024-03-07,28,8675.02,1113.31,1,211,39396.62,3.47,18,1
CRD-00424,2024-03-13,22,10436.62,3386.63,1,167,29082.27,2.84,24,0
CRD-00425,2025-03-18,27,4759.13,359.27,1,100,2651.11,3.16,36,0
CRD-00426,2025-11-21,36,14173.5,5884.92,0,228,18710.97,3.78,48,0
CRD-00427,2024-03-31,61,9693.52,9063.37,1,111,36470.04,2.15,6,0
CRD-00428,2025-02-07,66,5197.05,1025.26,2,177,5128.12,2.91,12,0
CRD-00429,2024-11-09,72,10101.08,6185.81,0,19,13622.61,1.11,24,0
CRD-00430,2025-11-13,45,3927.57,5645.29,0,196,37819.04,3.89,6,0
CRD-00431,2023-05-04,42,2003.99,2371.18,2,192,2734.17,4.0,6,0
CRD-00432,2024-02-13,58,6316.82,6103.71,1,114,12373.62,4.0,36,0
CRD-00433,2023-05-29,44,3158.81,4186.63,0,211,6727.11,2.47,24,0
CRD-00434,2023-10-30,45,11799.68,10570.36,0,121,39414.9,2.07,18,0
CRD-00435,2026-03-17,35,2329.24,758.02,1,40,40443.41,4.51,48,0
CRD-00436,2025-08-08,57,5620.45,7559.28,0,205,3791.08,5.17,36,0
CRD-00437,2023-03-04,45,7622.72,2377.09,1,7,44578.75,3.91,24,0
CRD-00438,2025-10-20,34,2965.15,2634.17,0,57,29841.97,4.52,24,0
CRD-00439,2026-02-05,36,10943.52,5920.7,0,208,3716.66,3.58,36,0
CRD-00440,2023-05-28,59,4351.03,256.58,2,130,43152.76,5.06,12,0
CRD-00441,2025-03-14,25,2189.47,2099.9,5,91,6930.17,4.82,12,0
CRD-00442,2025-09-04,63,8323.12,5964.95,0,12,38415.86,4.44,12,0
CRD-00443,2024-05-20,62,6024.05,8873.18,0,228,27354.68,2.15,12,0
CRD-00444,2024-05-05,50,7465.22,8957.5,0,65,27335.65,4.68,18,0
CRD-00445,2025-03-15,31,6308.42,7733.86,4,174,37918.6,3.22,36,0
CRD-00446,2023-02-09,19,11094.93,5129.48,3,144,34282.16,4.34,36,0
CRD-00447,2023-09-20,20,8220.72,3655.95,0,143,18986.74,2.18,36,0
CRD-00448,2025-11-12,60,6700.77,546.44,5,194,37480.42,5.22,6,0
CRD-00449,2025-09-26,21,6954.03,646.62,0,143,6336.37,2.03,36,0
CRD-00450,2023-05-27,49,2262.96,1001.04,0,147,31336.56,3.6,18,0
CRD-00451,2025-10-29,51,15578.23,1017.62,0,66,16559.28,3.42,24,0
CRD-00452,2025-02-13,18,6870.59,10284.03,2,123,13784.7,2.32,24,0
CRD-00453,2025-08-20,27,3642.67,2405.35,2,197,13714.55,4.98,6,0
CRD-00454,2023-11-12,72,10668.26,9516.18,0,133,27064.17,3.3,12,0
CRD-00455,2024-05-20,25,14522.58,15996.48,1,73,1009.82,2.05,24,0
CRD-00456,2023-09-29,45,1702.36,1129.83,2,85,22155.28,3.04,24,0
CRD-00457,2024-02-07,51,10706.6,16253.47,4,56,30256.62,1.53,6,0
CRD-00458,2025-09-25,35,9034.89,2544.93,3,142,3763.87,2.59,12,0
CRD-00459,2025-01-02,41,11522.91,16278.88,0,194,27906.82,1.15,12,0
CRD-00460,2024-01-21,69,13692.25,19413.31,0,134,29683.08,5.42,36,0
CRD-00461,2025-09-28,37,15288.93,21610.58,0,222,2134.63,1.47,24,0
CRD-00462,2025-08-06,66,17639.36,8327.87,0,173,39228.73,3.08,36,0
CRD-00463,2025-01-16,42,17215.89,1924.21,5,118,24403.22,3.75,18,0
CRD-00464,2024-02-15,34,10944.4,16591.74,0,99,4958.88,5.19,6,0
CRD-00465,2023-07-17,51,7095.84,2616.03,3,139,40754.08,4.31,48,0
CRD-00466,2024-07-23,20,1734.96,2265.95,2,128,43513.82,2.48,24,0
CRD-00467,2025-11-02,47,15601.09,22831.52,2,230,31063.9,4.01,6,0
CRD-00468,2025-08-05,44,12645.34,8949.51,4,151,5258.35,2.51,12,0
CRD-00469,2026-02-12,44,6516.17,1034.27,0,138,38768.31,3.03,24,0
CRD-00470,2026-01-29,53,16888.54,3733.78,0,84,36567.39,4.15,12,0
CRD-00471,2025-12-29,59,15360.87,14740.48,0,218,22482.05,3.57,12,0
CRD-00472,2025-12-21,64,5687.03,8705.08,1,160,39660.01,1.21,48,0
CRD-00473,2024-04-09,68,7171.4,11467.44,2,225,17061.62,3.15,18,1
CRD-00474,2025-10-08,70,4960.78,7162.19,0,136,14982.23,3.59,6,1
CRD-00475,2024-07-08,18,8624.44,8749.43,0,141,32181.4,4.83,6,0
CRD-00476,2024-05-03,25,2381.22,2829.04,0,114,17135.95,1.3,6,0
CRD-00477,2023-11-22,51,13461.31,7190.23,2,114,34777.91,3.77,48,0
CRD-00478,2023-11-12,31,4078.05,4837.03,0,230,15394.39,4.58,48,0
CRD-00479,2025-02-06,72,5838.47,9295.3,2,148,37169.23,3.74,48,1
CRD-00480,2024-10-20,46,16667.03,13245.0,0,106,18827.65,4.73,48,0
CRD-00481,2024-05-13,48,16998.17,14253.48,3,215,25564.92,5.4,6,0
CRD-00482,2023-04-23,62,16510.29,22309.31,0,151,33722.64,1.73,24,0
CRD-00483,2025-08-31,32,9029.2,8264.25,0,103,889.39,3.89,48,0
CRD-00484,2023-04-06,30,1732.34,251.13,4,90,17464.31,4.59,6,0
CRD-00485,2023-01-02,27,8189.55,5446.96,0,91,7326.55,4.52,24,0
CRD-00486,2024-10-29,73,10955.84,12547.37,1,27,20207.27,2.04,18,1
CRD-00487,2024-08-25,53,4362.24,4926.13,0,185,27651.04,1.2,48,0
CRD-00488,2025-06-16,65,3071.48,4478.5,0,102,6788.81,4.9,18,1
CRD-00489,2024-09-24,35,6579.38,10024.81,0,60,26195.28,2.5,24,0
CRD-00490,2025-11-15,59,3493.44,2441.01,3,99,36464.93,5.45,6,0
CRD-00491,2024-12-19,70,12722.09,9230.48,0,178,40935.69,2.51,12,1
CRD-00492,2024-04-08,26,7921.66,1190.1,0,180,28373.41,5.46,12,0
CRD-00493,2025-04-11,36,14563.19,15897.52,2,183,19892.62,3.03,48,0
CRD-00494,2023-08-22,44,1470.63,607.64,1,72,7729.33,5.38,36,0
CRD-00495,2025-08-13,18,6007.18,3419.03,2,129,33747.3,5.12,18,0
CRD-00496,2024-04-04,32,10596.74,1643.15,5,133,2215.38,2.56,24,0
CRD-00497,2024-08-30,71,14277.73,10530.56,1,240,41137.75,3.56,18,0
CRD-00498,2025-01-18,18,3614.16,798.12,0,113,1292.14,4.33,18,0
CRD-00499,2024-06-30,26,17402.73,5089.97,4,10,25646.11,3.44,12,0
CRD-00500,2025-06-07,38,7104.97,7773.74,1,218,43555.36,3.5,36,0
CRD-00501,2024-01-19,40,7992.63,2263.73,0,81,19845.14,1.25,6,0
CRD-00502,2025-01-13,55,7478.99,5968.09,2,151,39366.96,3.07,12,1
CRD-00503,2025-07-19,35,9278.72,7956.7,1,56,3757.73,5.41,18,0
CRD-00504,2025-05-16,25,14800.1,8407.31,1,172,3723.27,5.47,12,0
CRD-00505,2023-11-01,69,16969.43,11813.42,0,71,30999.35,1.44,24,0
CRD-00506,2025-07-09,61,14182.35,6166.55,2,33,38230.9,4.58,36,1
CRD-00507,2025-06-25,53,2973.36,4709.28,0,136,31341.68,1.84,36,1
CRD-00508,2025-07-05,37,5922.99,7405.58,1,226,43560.74,2.2,36,0
CRD-00509,2023-10-06,50,12456.04,18333.26,1,210,33210.62,1.63,6,0
CRD-00510,2024-10-24,69,9493.06,14099.35,0,187,1427.86,4.85,36,0
CRD-00511,2023-09-05,30,11493.22,786.99,3,233,44524.94,1.28,12,0
CRD-00512,2023-04-09,63,6091.49,8229.59,0,9,25236.69,4.36,12,0
CRD-00513,2023-03-19,24,7065.15,7379.11,2,169,19899.57,4.63,12,0
CRD-00514,2023-10-08,22,17994.19,3611.09,2,146,14212.96,1.2,12,0
CRD-00515,2023-10-23,27,16549.0,23402.8,4,115,37462.13,4.51,48,0
CRD-00516,2023-04-16,69,12778.0,15042.35,1,222,9204.45,4.52,18,0
CRD-00517,2024-10-19,72,11723.44,15551.8,2,68,26647.63,4.14,12,0
CRD-00518,2024-06-15,41,7853.96,10886.12,0,63,10704.86,4.29,24,0
CRD-00519,2024-12-26,73,17479.06,10463.4,2,224,6103.26,2.95,36,0
CRD-00520,2024-09-12,50,11886.53,4483.32,0,148,28364.08,4.84,36,0
CRD-00521,2025-02-28,64,12611.84,8373.56,1,102,12763.62,1.27,48,0
CRD-00522,2024-04-08,27,16872.38,23792.37,0,228,6554.11,1.66,18,1
CRD-00523,2024-01-17,75,16229.54,25438.64,1,126,17841.23,1.51,12,0
CRD-00524,2024-10-18,25,12513.72,11652.67,2,239,35244.17,3.26,36,0
CRD-00525,2023-03-16,41,13781.45,15381.96,3,52,26286.11,2.47,18,0
CRD-00526,2024-12-23,50,11915.92,17689.65,3,173,29046.74,3.37,6,0
CRD-00527,2025-01-28,56,11185.89,822.45,1,96,17635.36,1.96,24,0
CRD-00528,2024-04-28,29,14849.91,22652.09,0,42,6937.45,2.92,24,1
CRD-00529,2024-12-06,58,7051.57,10252.64,0,53,27895.57,3.77,24,0
CRD-00530,2023-10-02,19,15261.46,20188.56,2,9,7916.16,5.33,6,0
CRD-00531,2025-01-13,19,15690.84,12875.23,1,7,19385.87,3.58,12,0
CRD-00532,2024-03-13,74,13831.75,14853.05,1,69,20903.54,4.52,48,0
CRD-00533,2023-09-11,45,6079.11,2628.6,0,191,10389.74,5.28,48,0
CRD-00534,2025-09-23,34,13823.68,21396.5,3,164,3007.23,2.97,24,0
CRD-00535,2023-05-06,53,9402.37,9720.75,2,183,41760.92,1.45,12,0
CRD-00536,2023-06-23,46,9854.33,4263.91,0,143,8465.03,1.18,24,0
CRD-00537,2024-08-01,38,13212.06,16753.74,2,165,10598.64,4.91,12,1
CRD-00538,2025-10-05,67,11218.45,16926.65,0,68,6464.17,4.99,12,0
CRD-00539,2025-12-03,40,8969.4,3955.45,0,87,2917.25,5.48,12,0
CRD-00540,2025-02-14,32,2947.69,4422.45,0,80,19893.34,1.25,36,0
CRD-00541,2023-12-28,19,15129.94,17442.27,1,139,37582.58,4.94,48,0
CRD-00542,2026-02-21,60,14610.64,7192.98,0,177,28462.76,4.99,36,0
CRD-00543,2024-05-15,29,14540.49,7737.92,2,15,39716.33,3.64,36,0
CRD-00544,2024-09-27,72,7049.53,1781.72,1,39,44592.49,5.21,24,0
CRD-00545,2025-07-15,68,13230.62,15100.37,0,75,18988.72,5.44,6,0
CRD-00546,2023-06-10,73,10028.97,12342.22,0,112,10314.02,2.92,36,0
CRD-00547,2023-05-13,53,6804.43,7919.69,2,84,44033.88,3.68,18,1
CRD-00548,2024-07-29,49,13822.15,4395.73,4,86,43286.51,1.33,24,0
CRD-00549,2024-12-24,54,10877.73,2864.55,1,130,41255.02,3.67,36,0
CRD-00550,2023-11-11,68,15972.46,17608.01,1,182,21958.13,3.86,12,0
CRD-00551,2024-06-07,70,1737.4,1568.38,1,6,35673.55,1.53,24,0
CRD-00552,2026-04-15,34,12485.56,12161.35,0,82,4592.65,3.25,36,0
CRD-00553,2023-01-29,18,14135.84,17384.08,1,102,20482.47,3.88,6,0
CRD-00554,2023-11-17,48,13238.67,13613.35,0,178,22181.64,1.91,48,0
CRD-00555,2024-12-16,26,16336.8,8236.15,5,178,26838.87,2.83,36,0
CRD-00556,2025-08-09,39,6337.02,5387.89,3,89,5881.54,1.65,6,0
CRD-00557,2024-04-20,47,4388.69,1696.55,4,53,34341.99,2.13,18,0
CRD-00558,2023-09-24,71,12613.52,13922.31,0,55,11880.53,4.28,18,0
CRD-00559,2025-06-15,34,10231.74,8157.41,0,171,3876.27,2.42,6,0
CRD-00560,2023-03-03,44,9207.19,7273.16,1,176,28546.62,4.92,6,0
CRD-00561,2025-03-15,44,17010.15,26986.45,1,124,38032.71,5.48,36,0
CRD-00562,2023-07-04,66,14064.9,18852.79,0,39,35879.54,5.05,12,0
CRD-00563,2023-04-14,40,6211.19,2527.38,0,129,29814.36,2.18,12,0
CRD-00564,2024-10-29,64,7821.83,12380.62,4,96,32408.68,4.99,48,0
CRD-00565,2023-07-11,60,16164.93,13076.0,0,3,21775.06,3.57,24,0
CRD-00566,2024-07-02,44,4319.24,4825.84,1,77,36676.8,4.8,48,0
CRD-00567,2024-02-24,60,12661.92,19073.96,0,97,4697.0,3.78,12,0
CRD-00568,2024-09-02,55,3181.46,2985.23,0,235,20309.76,2.84,6,0
CRD-00569,2024-03-21,21,11078.94,1646.68,1,87,18181.59,5.47,48,0
CRD-00570,2023-06-08,21,7938.17,5196.37,2,31,35830.37,1.34,24,0
CRD-00571,2024-09-07,50,9872.93,13809.24,5,208,32283.81,3.95,6,0
CRD-00572,2025-09-02,60,2900.74,3476.21,0,222,40226.19,1.96,48,0
CRD-00573,2024-10-11,52,5489.23,3810.65,4,124,41548.58,5.0,24,0
CRD-00574,2023-03-17,29,8715.07,6768.65,0,93,13980.41,3.71,48,0
CRD-00575,2026-01-29,70,11157.74,11023.75,1,154,41925.8,2.53,24,0
CRD-00576,2024-03-10,43,1557.13,1663.22,1,56,35096.12,4.73,36,0
CRD-00577,2026-01-21,36,10894.01,8497.28,0,6,7721.9,2.2,6,0
CRD-00578,2024-06-28,58,7371.12,5875.86,1,190,27652.75,1.4,48,0
CRD-00579,2025-01-16,56,7615.21,8908.05,0,106,34077.66,3.18,12,0
CRD-00580,2025-10-01,73,3975.3,4467.11,0,34,31333.51,2.52,24,0
CRD-00581,2023-12-30,32,4636.32,5864.69,0,38,24974.66,4.93,12,0
CRD-00582,2024-02-02,75,7323.12,1997.49,3,135,27871.01,1.56,36,0
CRD-00583,2025-10-18,35,12172.04,6274.65,4,106,24060.16,2.46,48,0
CRD-00584,2023-01-21,25,7374.94,755.45,1,230,23780.5,1.55,36,0
CRD-00585,2024-10-09,37,17156.55,20163.41,0,140,2971.0,3.48,18,0
CRD-00586,2023-01-22,53,13852.78,16735.82,0,29,29552.56,2.51,48,0
CRD-00587,2024-06-03,23,10630.58,11743.29,0,153,22538.55,5.35,36,0
CRD-00588,2025-02-25,36,4921.61,4299.79,2,141,43001.28,2.76,24,0
CRD-00589,2026-03-21,32,14062.38,5983.08,0,77,36921.94,3.05,12,0
CRD-00590,2025-05-31,28,17214.37,16260.58,3,40,35860.05,5.2,36,0
CRD-00591,2026-01-30,49,3299.76,4895.35,0,47,10461.1,2.38,12,0
CRD-00592,2024-10-16,18,6185.77,3312.45,0,43,5896.43,2.38,18,0
CRD-00593,2025-05-24,22,9255.75,11244.82,0,123,39001.97,3.92,18,0
CRD-00594,2024-10-11,56,7299.69,7012.24,0,105,17492.09,3.62,36,0
CRD-00595,2024-02-24,59,2946.02,3578.33,0,185,11047.59,3.02,36,0
CRD-00596,2024-12-10,73,10150.74,8751.54,2,130,33839.85,4.11,18,0
CRD-00597,2024-06-24,64,8914.54,3827.44,2,157,24456.73,5.32,36,0
CRD-00598,2025-09-07,48,16882.92,2532.54,0,217,25750.33,1.9,24,0
CRD-00599,2025-07-21,42,6009.29,4385.65,0,37,10623.9,2.31,6,0
CRD-00600,2025-08-18,49,14438.47,21254.22,0,141,34213.16,4.76,36,0
CRD-00601,2023-03-24,19,15849.85,14006.4,5,33,33086.84,4.68,6,0
CRD-00602,2024-10-21,36,6773.21,467.74,0,190,5808.3,2.11,6,0
CRD-00603,2025-04-17,60,6753.83,6276.17,1,71,14188.92,1.91,48,0
CRD-00604,2023-04-24,66,15837.51,3323.99,0,157,11155.75,5.23,24,0
CRD-00605,2025-08-25,70,6981.5,2536.91,3,50,39553.78,2.72,36,0
CRD-00606,2023-09-03,18,12531.07,1017.67,0,208,7714.23,1.92,36,0
CRD-00607,2026-02-04,62,9535.44,7701.14,1,163,21604.47,3.97,24,0
CRD-00608,2025-07-22,59,17738.25,13673.67,4,64,2895.17,5.2,36,0
CRD-00609,2026-03-12,50,13430.6,18733.55,3,106,2003.36,3.3,18,0
CRD-00610,2024-07-22,60,16836.89,26314.84,2,194,3242.0,3.93,6,0
CRD-00611,2023-02-25,19,8765.26,2347.07,0,157,40346.42,4.31,24,0
CRD-00612,2025-11-24,36,11561.76,13313.82,1,38,18690.46,1.75,24,0
CRD-00613,2023-09-05,46,5344.19,3022.02,0,21,33412.35,2.97,18,0
CRD-00614,2024-07-23,38,4774.73,4317.67,2,186,42595.71,3.05,36,0
CRD-00615,2025-11-02,37,2903.31,4102.0,2,217,25245.6,4.05,6,0
CRD-00616,2024-02-05,39,9614.41,11088.8,2,177,25137.42,1.11,36,0
CRD-00617,2025-07-17,19,11802.49,3186.67,1,223,28169.24,2.73,18,0
CRD-00618,2023-09-21,38,2762.38,951.13,0,156,19161.03,1.9,24,0
CRD-00619,2025-12-02,32,10488.66,9511.38,2,212,41960.55,3.23,24,0
CRD-00620,2026-03-20,23,10848.1,14233.19,2,29,13564.32,5.33,12,1
CRD-00621,2023-03-14,51,9254.02,7339.7,0,227,19633.79,1.95,18,0
CRD-00622,2025-05-20,66,10209.54,1038.06,1,175,41522.71,2.0,36,0
CRD-00623,2025-04-27,43,16819.16,11878.47,0,138,18244.23,2.58,24,0
CRD-00624,2024-10-31,69,9380.43,14945.91,0,92,20641.49,2.17,6,0
CRD-00625,2023-09-25,18,6686.29,8055.83,1,228,20332.8,5.06,18,0
CRD-00626,2025-10-25,19,2049.05,1144.85,3,192,24367.15,3.81,48,0
CRD-00627,2025-10-28,41,10373.62,5666.52,0,115,7485.19,2.61,24,0
CRD-00628,2024-08-09,21,11846.11,1445.47,0,74,42401.02,1.17,24,0
CRD-00629,2025-12-07,45,13603.36,20422.66,0,63,5968.87,2.77,48,0
CRD-00630,2024-04-18,19,15047.49,2757.98,1,162,17702.38,3.02,48,0
CRD-00631,2024-11-18,20,5973.18,6442.23,0,11,2631.26,4.75,48,0
CRD-00632,2023-03-18,42,10591.93,2791.58,1,6,18751.29,5.02,18,0
CRD-00633,2025-11-02,61,11475.9,6047.95,0,112,29491.3,4.35,12,0
CRD-00634,2023-12-04,38,14489.27,9567.25,1,104,13745.35,1.72,36,0
CRD-00635,2024-08-30,60,16610.65,3335.12,0,187,10565.16,2.64,12,0
CRD-00636,2025-04-02,60,5726.54,6028.33,3,157,28675.71,4.22,36,0
CRD-00637,2026-01-28,62,1984.62,224.2,0,92,10157.97,5.09,48,1
CRD-00638,2024-10-09,18,10532.28,12943.51,2,107,22715.03,1.83,48,1
CRD-00639,2024-03-07,70,10950.87,2406.0,0,145,26416.09,5.26,6,0
CRD-00640,2026-02-22,75,17209.98,14227.18,0,102,43657.79,5.32,6,0
CRD-00641,2023-07-16,24,5215.06,5326.64,0,155,5599.32,1.89,24,0
CRD-00642,2023-11-14,32,5589.55,2541.67,0,40,17140.41,2.12,24,0
CRD-00643,2023-11-28,74,3192.88,2343.99,1,116,18244.07,4.49,36,0
CRD-00644,2025-01-15,21,7287.28,5991.35,2,150,42428.36,3.25,48,1
CRD-00645,2024-03-27,39,10763.54,8973.54,2,31,21408.13,2.12,24,1
CRD-00646,2023-06-18,67,2961.19,2095.54,3,45,17713.33,5.25,18,0
CRD-00647,2025-01-27,34,8833.44,12718.51,0,218,12508.98,4.47,18,0
CRD-00648,2025-04-28,36,17477.86,19354.81,0,163,7139.8,5.07,48,0
CRD-00649,2024-03-24,70,17768.0,7964.94,1,215,26142.37,4.99,24,0
CRD-00650,2024-01-23,69,10657.9,4733.71,0,213,19742.86,1.19,12,0
CRD-00651,2025-08-31,18,8774.45,8520.48,4,189,8083.33,5.06,48,0
CRD-00652,2024-07-07,28,14707.35,7148.4,1,80,20095.87,4.82,24,1
CRD-00653,2023-06-26,27,12916.93,4456.59,0,40,15189.31,2.6,24,0
CRD-00654,2025-01-07,71,13349.88,17865.33,0,66,42297.35,4.9,6,0
CRD-00655,2023-10-17,39,10955.62,6517.9,4,223,43574.2,2.69,6,0
CRD-00656,2025-12-12,62,7505.33,10875.63,0,16,23366.47,2.31,6,0
CRD-00657,2024-01-13,31,8680.79,6768.93,0,49,9884.07,1.24,24,0
CRD-00658,2024-05-21,74,10189.67,2172.91,2,39,18776.57,1.8,24,0
CRD-00659,2024-11-18,68,3481.21,2586.86,2,113,13680.78,4.98,36,0
CRD-00660,2025-07-26,55,15674.66,14890.66,3,196,17808.32,5.37,48,0
CRD-00661,2025-05-04,58,3907.41,3678.93,0,157,9369.61,1.42,24,0
CRD-00662,2023-01-10,39,4005.92,5579.51,2,227,18625.25,3.32,12,0
CRD-00663,2024-01-27,25,8112.01,5720.37,0,129,10048.29,1.92,48,0
CRD-00664,2024-09-11,31,13206.6,4885.25,0,116,27181.79,2.6,36,0
CRD-00665,2023-07-16,24,12697.77,4996.48,0,168,14895.29,5.38,24,0
CRD-00666,2023-09-02,32,8086.73,7179.83,0,64,19513.16,3.47,36,0
CRD-00667,2023-05-28,35,10173.2,11438.15,4,165,39402.28,5.3,48,1
CRD-00668,2023-06-27,55,16241.96,14994.9,1,25,16688.99,2.18,6,0
CRD-00669,2025-02-17,36,1756.71,1115.95,0,129,19374.57,1.91,24,0
CRD-00670,2025-10-09,56,2028.7,545.27,4,168,8516.85,1.73,12,0
CRD-00671,2023-10-27,75,3800.48,5630.9,0,164,35356.46,5.47,24,0
CRD-00672,2023-09-14,51,17363.67,3540.7,2,63,15710.91,5.3,18,0
CRD-00673,2023-02-06,63,1950.55,1074.31,0,158,40138.37,3.28,36,0
CRD-00674,2025-05-15,44,16078.96,2406.35,1,157,21910.53,2.66,18,0
CRD-00675,2023-12-02,20,2223.65,1949.63,0,24,34515.77,3.55,24,0
CRD-00676,2024-07-28,55,17233.38,13444.08,0,135,31116.94,3.09,6,0
CRD-00677,2025-03-12,68,4637.18,303.82,3,40,1956.54,1.33,6,0
CRD-00678,2024-10-30,46,9407.44,9693.07,5,240,13376.9,2.36,36,0
CRD-00679,2024-04-12,74,10089.03,8859.22,1,44,3589.51,1.84,18,0
CRD-00680,2023-12-24,38,16992.13,4870.76,2,54,8443.1,3.63,18,0
CRD-00681,2024-08-28,74,2017.07,1028.52,1,174,11797.91,4.11,18,0
CRD-00682,2024-07-03,21,6241.24,6511.92,0,103,35603.6,2.69,6,0
CRD-00683,2025-05-27,44,9294.16,9528.56,3,45,33350.9,2.29,36,0
CRD-00684,2023-02-04,39,15274.89,6497.66,3,93,44030.69,3.96,36,0
CRD-00685,2023-03-06,21,5450.55,4436.19,0,224,33582.43,4.39,48,0
CRD-00686,2025-01-12,63,4525.53,3339.35,0,162,39643.56,4.59,36,0
CRD-00687,2026-04-04,19,1439.25,502.39,0,207,34275.42,4.06,6,0
CRD-00688,2024-03-03,18,2209.43,1180.26,0,227,28119.42,1.98,24,0
CRD-00689,2025-03-05,26,4161.93,1331.53,5,14,31146.64,2.01,24,0
CRD-00690,2026-01-30,30,8016.89,12042.66,0,98,4976.5,1.33,6,0
CRD-00691,2024-10-10,65,1529.51,1203.43,1,31,27411.29,3.66,18,0
CRD-00692,2023-05-31,63,2166.94,2669.1,1,164,26111.45,1.23,6,0
CRD-00693,2024-04-21,28,1494.28,1997.21,2,106,34893.81,4.61,24,0
CRD-00694,2024-01-08,33,17962.56,11054.92,0,121,36150.04,2.15,48,0
CRD-00695,2025-02-09,24,17090.86,4830.09,0,238,43790.79,4.55,6,0
CRD-00696,2024-01-31,46,7987.75,4442.2,0,44,13832.49,1.84,24,0
CRD-00697,2024-11-21,26,8766.99,1541.13,0,12,17030.61,1.48,48,0
CRD-00698,2024-12-13,25,9633.44,10669.21,4,217,37748.25,4.15,18,1
CRD-00699,2023-08-25,64,10146.93,15352.42,1,181,41027.09,5.17,36,0
CRD-00700,2023-05-17,64,15706.99,3186.67,5,82,39067.0,1.6,18,0
CRD-00701,2025-05-02,22,3325.76,1675.46,2,80,44734.83,5.0,48,0
CRD-00702,2024-06-24,75,16924.87,12485.26,4,121,40390.02,4.99,6,1
CRD-00703,2026-01-16,65,12727.73,8572.7,0,232,42521.76,3.98,6,0
CRD-00704,2023-07-02,42,4588.13,282.32,0,204,4811.66,3.27,6,0
CRD-00705,2024-03-29,60,4824.52,6798.23,0,173,6356.93,2.04,36,0
CRD-00706,2025-08-20,40,11882.33,12565.14,0,8,42238.53,5.35,24,0
CRD-00707,2024-10-11,26,5708.17,556.61,1,171,35037.05,3.96,24,0
CRD-00708,2024-08-18,44,13398.45,15406.77,3,142,37039.79,1.75,18,1
CRD-00709,2023-09-08,48,4815.87,5931.07,0,170,32065.49,4.81,18,0
CRD-00710,2023-10-26,71,15968.99,17106.96,4,37,12943.97,4.41,6,1
CRD-00711,2025-05-15,34,12094.07,17373.87,3,33,33611.59,4.61,24,0
CRD-00712,2024-11-23,33,2309.91,1971.98,4,153,36555.54,1.53,18,0
CRD-00713,2025-05-19,30,16661.21,11745.86,0,17,38171.15,3.28,12,0
CRD-00714,2023-03-11,59,3035.92,2190.08,3,149,35828.97,1.14,18,0
CRD-00715,2024-08-18,65,3116.44,3493.83,0,238,29674.28,5.2,12,0
CRD-00716,2023-04-04,52,11903.42,14560.47,0,128,24814.83,4.83,24,0
CRD-00717,2025-12-15,18,10971.6,12189.18,0,192,17407.75,1.59,18,0
CRD-00718,2025-10-17,35,3167.53,3465.92,1,72,29031.68,3.25,48,0
CRD-00719,2025-09-05,60,5100.08,8047.32,3,220,27704.83,2.19,24,1
CRD-00720,2025-09-17,38,9732.59,5921.2,3,93,37781.39,1.44,6,0
CRD-00721,2023-08-25,57,5618.28,316.59,1,122,1619.52,5.11,24,0
CRD-00722,2026-03-02,64,10646.35,12026.37,0,5,33408.62,2.68,48,1
CRD-00723,2025-12-22,64,16972.19,1703.83,0,236,26016.87,3.31,12,0
CRD-00724,2023-12-19,45,7883.48,6568.96,0,53,33552.66,3.77,48,0
CRD-00725,2025-02-19,49,2974.5,2900.38,3,10,36712.41,4.27,36,1
CRD-00726,2023-04-21,69,12124.94,17378.8,0,137,44862.71,4.38,12,0
CRD-00727,2024-11-11,74,2877.9,691.4,5,211,6004.55,5.22,36,0
CRD-00728,2025-03-10,26,3865.43,5142.17,0,62,43036.24,1.92,18,0
CRD-00729,2025-05-28,29,1438.33,1610.5,3,133,38428.02,5.25,48,1
CRD-00730,2025-10-14,49,9044.19,2080.14,5,24,9175.0,4.58,12,0
CRD-00731,2023-07-27,37,3789.97,2043.17,0,180,22461.3,2.22,48,0
CRD-00732,2024-06-18,59,3907.62,3885.2,0,113,27051.2,5.04,36,0
CRD-00733,2024-11-05,26,8958.71,9024.12,1,37,15933.17,5.4,48,0
CRD-00734,2023-01-05,54,17323.64,22175.32,0,223,40748.53,4.65,18,0
CRD-00735,2024-04-03,60,7357.64,10043.17,1,126,22651.17,4.62,12,0
CRD-00736,2023-07-23,61,9510.15,7261.14,0,39,10635.69,4.28,6,0
CRD-00737,2023-05-31,31,3519.15,986.46,0,27,5307.4,5.01,6,0
CRD-00738,2024-06-16,54,3174.62,2498.13,0,196,30696.74,1.88,18,0
CRD-00739,2024-03-08,64,17247.67,23112.61,2,183,33141.15,1.56,12,1
CRD-00740,2024-10-20,73,4410.57,6073.17,4,143,22197.04,2.2,24,0
CRD-00741,2023-08-03,18,2383.29,2956.73,2,148,14254.77,3.67,36,0
CRD-00742,2023-09-11,25,17584.09,16192.81,0,133,9865.5,3.82,24,0
CRD-00743,2024-03-04,41,14941.58,17899.04,0,97,29508.0,3.37,6,0
CRD-00744,2026-01-20,67,11768.28,1947.59,0,140,14130.55,4.24,12,0
CRD-00745,2024-04-18,24,10369.18,3690.19,1,167,20145.06,4.36,12,0
CRD-00746,2025-01-20,19,14563.31,10781.95,1,148,12582.95,1.84,24,0
CRD-00747,2024-10-21,50,15614.94,22135.97,0,83,41188.72,5.14,36,0
CRD-00748,2025-11-12,53,3560.8,1306.53,0,186,5269.4,1.65,12,0
CRD-00749,2025-12-31,48,10773.2,12996.24,0,83,3361.78,5.19,36,0
CRD-00750,2025-08-09,41,17589.75,21702.9,5,132,22295.68,2.66,24,1
CRD-00751,2023-03-10,19,14184.4,2914.72,3,207,42666.86,2.05,24,0
CRD-00752,2024-03-12,32,8222.03,9090.67,0,166,40145.37,4.17,6,0
CRD-00753,2024-11-11,32,3057.83,3891.36,0,111,31605.71,5.5,6,0
CRD-00754,2024-04-16,57,11276.5,9129.63,2,216,9211.83,4.11,6,0
CRD-00755,2023-02-26,69,17544.0,1106.2,4,125,26092.85,3.97,36,0
CRD-00756,2023-09-23,27,11039.78,15595.17,3,74,44335.47,2.73,6,1
CRD-00757,2026-02-18,48,7893.15,10526.26,0,178,13996.74,2.41,12,0
CRD-00758,2023-10-03,56,3847.36,5434.67,4,16,34735.48,5.26,6,0
CRD-00759,2023-09-03,70,6965.79,9969.55,0,235,42350.26,3.85,24,0
CRD-00760,2023-02-16,38,17777.75,25868.66,2,9,28265.81,3.2,48,0
CRD-00761,2025-04-28,69,17590.04,9626.56,4,138,5163.25,3.76,48,0
CRD-00762,2026-01-08,70,5766.69,3165.0,0,181,20544.06,5.49,48,0
CRD-00763,2025-01-10,75,8824.56,4468.38,0,81,12305.26,5.18,18,0
CRD-00764,2023-12-23,64,16725.8,18101.85,0,205,44422.75,1.14,24,1
CRD-00765,2023-02-19,74,12123.41,15618.39,1,153,30836.26,1.26,18,1
CRD-00766,2025-03-04,19,15743.98,2701.34,3,90,33407.53,3.47,36,0
CRD-00767,2023-01-12,18,2597.87,1156.07,2,111,16683.29,3.38,6,0
CRD-00768,2025-08-04,68,16165.04,1745.59,0,106,12065.25,2.68,12,0
CRD-00769,2024-07-31,53,6308.47,9778.4,2,90,8331.51,2.89,36,0
CRD-00770,2023-06-20,51,11443.19,15820.21,0,35,14778.51,2.96,6,0
CRD-00771,2023-08-07,42,12964.89,12754.59,2,23,44458.13,1.59,18,0
CRD-00772,2023-02-16,24,4336.25,4638.52,0,173,5993.57,3.59,18,0
CRD-00773,2023-05-26,61,17005.38,12426.65,3,218,3922.21,3.29,18,0
CRD-00774,2023-07-27,62,9385.05,12164.22,3,185,30029.64,4.96,12,0
CRD-00775,2023-11-29,42,14296.43,4178.56,0,150,21068.64,3.18,6,0
CRD-00776,2025-10-31,66,8260.69,3665.01,0,98,27042.17,2.34,12,0
CRD-00777,2023-05-18,72,5571.5,2941.09,4,139,10874.52,3.34,12,0
CRD-00778,2025-10-06,56,15741.51,16224.91,0,191,30981.92,2.33,48,0
CRD-00779,2024-06-29,37,4008.17,3793.05,2,84,44077.68,1.51,36,0
CRD-00780,2025-02-26,66,16497.52,15534.79,0,228,1019.51,4.01,36,0
CRD-00781,2024-08-15,71,5634.14,3820.09,3,204,26437.74,3.94,36,0
CRD-00782,2025-09-04,34,9605.9,752.53,4,193,11580.6,2.85,36,0
CRD-00783,2024-12-19,24,9202.35,3395.26,1,83,11771.83,4.87,36,0
CRD-00784,2025-07-26,62,8946.0,6319.05,3,147,20529.42,3.04,24,0
CRD-00785,2023-12-02,34,13908.92,15615.71,0,31,27381.36,5.03,12,0
CRD-00786,2025-10-13,72,7085.69,7579.01,1,29,20615.94,4.9,6,0
CRD-00787,2025-02-06,45,10213.73,6131.37,2,115,14880.3,1.61,48,0
CRD-00788,2025-09-20,37,14451.49,18564.1,2,167,30454.12,5.41,18,1
CRD-00789,2024-12-28,72,14432.61,11402.86,0,212,44750.61,2.3,24,0
CRD-00790,2025-01-24,34,17081.03,2320.94,5,192,1607.61,1.48,36,0
CRD-00791,2025-07-27,26,6084.09,6338.67,2,178,28336.0,3.47,18,0
CRD-00792,2024-07-05,64,7864.75,8072.32,0,233,12606.55,4.38,18,0
CRD-00793,2024-03-07,39,13178.01,14027.57,0,214,42327.08,4.06,48,0
CRD-00794,2024-11-30,67,5906.69,1977.58,2,86,1966.2,3.59,6,0
CRD-00795,2023-10-20,54,12784.71,3820.71,4,121,6578.75,3.85,18,0
CRD-00796,2023-11-19,59,12559.37,17773.22,0,184,25345.26,5.46,24,0
CRD-00797,2024-01-19,45,14960.65,1277.92,0,109,36644.28,3.48,48,0
CRD-00798,2024-08-07,41,15927.33,7318.84,0,232,34846.11,5.33,6,0
CRD-00799,2025-09-06,67,2340.11,1865.11,3,206,5335.38,2.66,24,0
CRD-00800,2023-05-13,42,12700.67,5675.61,0,28,19367.32,2.37,12,0
CRD-00801,2023-12-22,29,17084.41,12196.68,0,219,37766.88,3.17,18,0
CRD-00802,2025-09-10,27,1998.85,1302.66,0,110,27896.77,3.43,12,0
CRD-00803,2024-09-22,55,2287.62,2489.69,0,17,9493.1,4.42,6,0
CRD-00804,2026-03-21,29,3747.56,5687.9,0,60,8660.97,5.44,18,0
CRD-00805,2024-12-22,57,11750.4,2366.38,0,179,17566.6,3.64,6,0
CRD-00806,2024-05-21,24,3358.53,3782.08,1,77,19387.42,2.26,36,1
CRD-00807,2024-12-15,23,3984.45,3053.4,1,25,12432.01,5.13,48,0
CRD-00808,2023-05-02,56,3808.41,4970.23,3,145,36761.18,4.4,24,0
CRD-00809,2024-08-17,53,17732.14,19575.63,1,65,7614.89,3.63,48,0
CRD-00810,2023-11-22,37,4849.62,3863.16,3,174,33766.66,5.49,24,0
CRD-00811,2023-04-20,18,5422.79,6318.82,0,161,25105.27,4.52,48,0
CRD-00812,2026-03-24,22,4376.56,3261.66,2,176,35845.74,5.48,24,0
CRD-00813,2023-10-26,71,4029.17,492.38,3,91,9545.76,2.97,48,0
CRD-00814,2026-02-17,66,11919.21,13077.03,2,63,31341.04,1.73,48,0
CRD-00815,2024-07-03,23,9491.11,13494.77,2,226,30237.59,3.61,12,0
CRD-00816,2026-01-07,57,15593.5,24164.63,0,130,22351.61,2.23,6,0
CRD-00817,2025-02-11,68,2263.35,176.36,0,224,38676.31,1.83,24,0
CRD-00818,2025-11-18,19,6604.03,8875.94,0,191,14800.07,2.07,18,1
CRD-00819,2023-10-03,69,1735.12,295.17,3,118,36410.77,3.59,18,0
CRD-00820,2025-12-19,36,5539.25,6188.11,0,238,8757.43,2.7,36,0
CRD-00821,2023-05-10,19,7967.92,10283.11,0,21,26543.84,2.73,6,0
CRD-00822,2023-07-07,48,13339.98,11236.18,0,114,38075.82,5.3,6,0
CRD-00823,2024-01-26,46,12927.14,15151.18,2,171,31433.01,2.31,18,1
CRD-00824,2025-06-30,31,8286.56,770.99,0,60,1101.08,5.25,12,0
CRD-00825,2023-01-12,74,15241.38,12127.03,1,12,4487.49,5.0,18,1
CRD-00826,2023-11-20,28,10790.3,7459.16,0,205,44093.57,3.81,48,0
CRD-00827,2024-11-16,62,12642.64,5748.22,5,107,4218.67,3.41,36,0
CRD-00828,2024-07-08,52,8477.51,5717.51,0,167,14638.68,1.47,48,0
CRD-00829,2023-03-05,20,2087.67,999.91,0,17,37488.22,4.23,18,0
CRD-00830,2026-03-17,57,7026.77,1254.3,0,63,41584.4,4.21,48,0
CRD-00831,2024-07-15,66,8146.98,10895.11,0,104,27338.8,1.94,24,0
CRD-00832,2024-11-11,38,17945.05,17779.5,0,217,15268.19,5.12,24,0
CRD-00833,2023-04-27,74,7208.96,9717.38,0,80,18511.44,2.25,18,0
CRD-00834,2024-11-22,74,12404.55,13930.13,0,29,35291.93,4.44,6,0
CRD-00835,2026-02-16,24,13662.92,4058.0,2,28,35865.38,2.42,24,0
CRD-00836,2024-11-07,49,2321.58,3586.82,0,20,25884.49,4.05,6,0
CRD-00837,2023-04-06,64,10640.52,7153.78,2,98,38382.28,2.53,18,0
CRD-00838,2024-06-17,65,2917.38,1497.92,5,192,6873.03,5.38,24,0
CRD-00839,2023-05-13,25,9595.17,9836.89,1,16,31739.01,4.83,12,0
CRD-00840,2024-05-31,46,8675.03,7315.54,0,198,39783.8,2.91,6,0
CRD-00841,2023-11-03,18,6269.02,2789.21,0,145,30205.54,1.61,24,0
CRD-00842,2023-06-09,32,17599.12,18869.27,0,168,1268.95,2.99,24,0
CRD-00843,2025-08-15,65,7375.12,5769.06,1,58,27141.8,3.96,6,0
CRD-00844,2023-03-01,45,12740.63,6815.96,0,118,35427.52,2.52,6,0
CRD-00845,2026-01-04,18,2733.44,3660.5,0,194,43299.95,4.23,24,0
CRD-00846,2025-06-13,58,16548.99,15027.73,0,73,43847.2,2.7,24,0
CRD-00847,2023-11-23,29,16688.22,13307.84,0,110,22374.2,4.13,36,0
CRD-00848,2023-11-06,28,14011.41,7202.69,3,67,9874.33,5.28,24,0
CRD-00849,2025-08-07,35,17204.11,20735.24,1,137,10614.52,2.96,48,0
CRD-00850,2026-04-11,69,2302.79,1985.03,1,44,31164.25,1.3,18,0
CRD-00851,2026-01-09,29,12822.02,13123.05,2,152,33265.54,3.45,48,1
CRD-00852,2023-07-16,73,14251.86,8272.85,0,34,3488.6,2.05,36,0
CRD-00853,2025-04-06,28,10359.3,2905.98,0,169,2501.03,1.41,48,0
CRD-00854,2024-11-21,74,2184.61,2322.99,2,118,3552.28,5.07,36,0
CRD-00855,2025-04-26,54,3153.11,760.02,0,97,34094.85,3.02,24,0
CRD-00856,2025-03-01,21,15940.94,24721.6,1,102,41627.18,4.38,12,0
CRD-00857,2023-05-05,29,14357.1,6135.9,3,132,22377.41,5.17,18,0
CRD-00858,2023-02-07,53,15893.32,9652.96,2,234,1667.21,3.8,24,0
CRD-00859,2026-01-02,58,15001.72,19872.08,4,221,25500.98,5.11,18,0
CRD-00860,2026-01-10,36,16207.77,19769.22,5,164,997.39,2.81,12,1
CRD-00861,2024-07-20,32,15537.39,18965.44,2,60,42995.77,4.43,48,0
CRD-00862,2025-10-13,42,14878.02,20035.33,2,1,32134.28,3.78,18,0
CRD-00863,2024-08-01,57,10782.86,14730.85,0,96,28372.79,1.12,6,0
CRD-00864,2023-01-31,59,11948.51,18139.97,2,211,11522.08,2.26,36,1
CRD-00865,2023-01-09,67,10977.37,3267.95,0,68,17080.11,5.49,6,0
CRD-00866,2024-11-02,39,6722.65,6906.82,0,219,6027.46,3.84,18,0
CRD-00867,2024-09-21,28,9404.47,13631.78,0,1,24753.71,1.89,36,1
CRD-00868,2023-01-27,26,4132.53,2291.61,0,42,16025.77,2.08,36,0
CRD-00869,2024-06-01,23,7388.09,4029.35,0,15,5974.33,2.55,24,0
CRD-00870,2023-09-08,73,10577.44,8299.84,2,199,16072.27,4.27,36,0
CRD-00871,2023-07-09,24,13786.49,3261.39,1,69,4680.46,1.21,12,0
CRD-00872,2024-07-16,41,1766.29,2040.84,3,127,12216.47,5.17,6,0
CRD-00873,2025-08-26,57,6898.26,6551.55,4,55,10359.11,4.5,12,0
CRD-00874,2025-11-12,57,14424.26,9276.89,1,235,26609.07,3.07,12,0
CRD-00875,2025-02-07,41,2097.9,3147.47,1,46,38404.08,3.75,24,0
CRD-00876,2023-09-10,31,4698.33,6142.4,0,39,14133.79,4.68,36,0
CRD-00877,2026-03-08,45,15432.28,15497.98,0,81,24455.94,4.68,24,0
CRD-00878,2024-02-04,37,11004.8,15383.97,0,54,43582.11,2.64,48,1
CRD-00879,2026-02-04,41,17480.89,19650.7,1,203,13173.72,5.29,6,0
CRD-00880,2023-08-09,57,13918.85,13287.94,5,235,13774.74,4.19,36,0
CRD-00881,2023-09-21,35,11010.37,15524.42,2,62,43927.31,4.44,12,0
CRD-00882,2024-05-05,54,14853.47,5581.88,2,178,23702.07,3.88,24,0
CRD-00883,2023-02-03,19,1467.52,403.6,0,186,32345.85,1.78,18,0
CRD-00884,2025-08-15,49,5469.64,7352.92,4,238,17575.42,3.37,48,1
CRD-00885,2025-05-07,30,3937.01,458.18,0,81,21867.13,3.33,24,0
CRD-00886,2026-02-10,27,9757.53,5886.05,5,125,9354.12,1.35,12,0
CRD-00887,2026-04-04,36,4552.46,6256.85,1,8,4926.85,4.61,24,0
CRD-00888,2023-10-11,54,9699.75,9970.39,0,26,23944.8,5.16,36,0
CRD-00889,2025-07-31,61,12359.79,17405.15,1,231,19100.08,1.93,12,0
CRD-00890,2023-01-29,74,9791.07,10356.66,3,140,42676.58,2.8,24,0
CRD-00891,2023-04-07,73,15568.42,12945.26,4,17,39485.77,1.8,12,0
CRD-00892,2026-01-23,61,7533.46,6732.37,0,83,23058.26,1.2,24,0
CRD-00893,2025-06-25,25,11306.59,3312.98,0,171,27812.67,4.56,6,1
CRD-00894,2024-12-09,34,10656.32,9306.35,0,186,993.8,3.5,18,0
CRD-00895,2024-07-10,52,16478.26,26009.64,1,12,42530.23,4.61,12,0
CRD-00896,2023-10-05,29,4593.8,3195.17,2,139,17469.88,4.15,6,0
CRD-00897,2025-04-29,38,4994.75,5436.52,0,8,19468.18,2.96,48,0
CRD-00898,2025-10-18,18,11456.95,10836.44,1,78,10637.61,1.21,48,0
CRD-00899,2024-05-08,26,4913.35,4236.58,4,165,35096.61,4.21,24,0
CRD-00900,2024-11-14,38,13600.22,19114.61,1,6,13500.04,5.04,24,0
CRD-00901,2024-08-04,25,10372.51,10753.55,0,188,20230.71,4.24,24,0
CRD-00902,2024-05-31,71,12499.68,8136.43,0,124,27063.66,2.31,6,0
CRD-00903,2025-09-05,26,9646.56,8625.53,0,185,36478.25,2.65,6,0
CRD-00904,2025-04-01,18,10162.76,13502.4,4,113,23821.73,4.25,6,1
CRD-00905,2025-09-21,38,6912.08,5156.29,0,99,6940.02,3.74,24,0
CRD-00906,2024-11-15,45,7092.88,1731.25,4,170,38548.41,1.76,24,0
CRD-00907,2025-05-10,35,8943.32,8904.91,1,15,44733.73,1.81,6,0
CRD-00908,2023-12-02,32,8595.35,742.47,0,199,12282.47,2.1,36,0
CRD-00909,2026-01-03,56,8158.77,7205.8,0,61,28033.75,4.64,36,0
CRD-00910,2025-05-12,44,7878.6,2288.42,1,65,19505.69,3.3,24,0
CRD-00911,2023-04-17,37,17717.08,2544.41,0,96,22777.9,3.92,12,0
CRD-00912,2023-10-26,58,9544.17,14176.78,2,214,34923.46,1.81,18,0
CRD-00913,2024-08-07,58,1467.51,980.48,0,20,7370.15,2.98,6,0
CRD-00914,2023-06-21,56,11118.82,8034.53,0,201,2402.67,5.09,6,1
CRD-00915,2024-09-28,33,8532.85,5130.02,1,224,15079.92,2.6,6,0
CRD-00916,2025-10-02,73,2307.67,1812.87,0,69,38556.15,1.67,48,0
CRD-00917,2023-09-25,61,12868.62,16688.17,0,166,14713.78,4.71,36,0
CRD-00918,2024-02-11,44,10872.14,16282.12,0,239,37244.23,1.35,24,0
CRD-00919,2023-05-02,61,7600.37,9499.69,0,227,5484.65,4.4,48,0
CRD-00920,2024-06-01,27,8106.67,11810.6,3,209,22665.2,2.04,18,1
CRD-00921,2024-06-10,71,1956.52,165.9,0,38,44060.56,5.47,36,0
CRD-00922,2024-12-30,38,12129.57,14947.49,0,36,41358.52,4.06,12,1
CRD-00923,2023-01-31,41,6121.84,8739.45,1,68,4315.31,5.48,48,0
CRD-00924,2025-10-17,56,10912.02,6505.23,2,232,42963.34,3.46,48,0
CRD-00925,2023-05-23,74,16344.35,13320.53,0,239,33453.88,1.36,18,0
CRD-00926,2024-04-12,73,4116.6,5242.55,1,201,37951.23,1.82,6,1
CRD-00927,2023-10-02,49,8029.48,12118.14,2,6,41034.8,2.18,24,0
CRD-00928,2023-10-25,37,13101.47,6643.94,2,59,10873.24,4.26,18,0
CRD-00929,2024-08-01,21,12673.15,10952.33,4,235,22850.77,3.93,18,0
CRD-00930,2025-03-16,57,17952.14,25886.46,4,34,12372.8,3.9,24,0
CRD-00931,2023-07-30,18,3895.64,5435.08,2,131,10130.15,4.5,24,0
CRD-00932,2025-06-24,36,8881.33,12804.48,1,20,1762.82,3.72,12,0
CRD-00933,2023-09-06,26,11585.9,3543.17,1,17,17563.75,2.24,24,0
CRD-00934,2024-01-04,55,7301.23,4310.74,1,199,3023.82,5.15,6,0
CRD-00935,2025-12-18,32,1429.3,1496.54,0,147,25900.11,2.69,18,0
CRD-00936,2024-04-01,34,12663.88,7517.95,0,30,29559.01,5.47,18,0
CRD-00937,2024-03-19,64,2327.51,3252.02,1,132,34930.02,2.92,12,1
CRD-00938,2024-07-05,57,11209.29,11164.95,0,83,42036.7,3.48,6,0
CRD-00939,2023-05-31,68,13724.28,5137.96,1,214,6259.23,3.4,6,0
CRD-00940,2024-06-21,53,4429.3,2339.91,0,169,23380.26,2.51,36,0
CRD-00941,2023-02-27,57,11088.16,13740.26,1,117,3091.74,1.36,18,0
CRD-00942,2024-01-15,29,17120.23,20002.87,1,239,6552.43,4.04,18,0
CRD-00943,2023-11-10,67,13248.99,18601.06,3,52,6546.08,2.57,24,1
CRD-00944,2024-05-09,51,11465.71,1507.67,2,11,22071.85,3.83,24,0
CRD-00945,2025-06-09,30,9610.89,5378.81,2,167,9233.86,3.69,24,0
CRD-00946,2026-04-15,32,10790.83,2359.92,0,93,13048.29,1.57,36,0
CRD-00947,2023-10-28,19,16580.38,12454.85,2,146,7589.65,1.83,6,0
CRD-00948,2025-09-13,46,8362.2,12315.9,0,155,32778.66,2.48,36,0
CRD-00949,2024-01-31,22,15197.5,24172.27,4,93,29210.9,4.33,48,0
CRD-00950,2025-10-10,42,8803.11,13276.94,0,204,30199.28,3.92,6,0
CRD-00951,2023-10-19,19,11629.93,8207.04,0,119,17572.13,3.87,6,0
CRD-00952,2024-12-31,70,14445.87,4563.04,1,79,30100.7,4.49,36,0
CRD-00953,2023-09-14,32,12527.4,15293.13,3,15,34765.48,2.64,36,0
CRD-00954,2023-01-06,31,16298.08,2164.08,1,108,9343.02,3.8,24,0
CRD-00955,2026-03-24,61,15255.77,9821.18,1,44,33074.16,3.16,12,0
CRD-00956,2024-01-19,50,13168.03,19548.75,0,173,38040.45,2.79,48,0
CRD-00957,2024-06-16,31,11542.96,6253.42,0,192,39774.29,1.82,36,0
CRD-00958,2023-07-18,59,9567.19,13220.22,0,84,20516.12,1.95,18,0
CRD-00959,2025-02-08,38,5568.19,5531.98,2,205,5884.85,4.21,48,0
CRD-00960,2024-02-19,18,10939.84,17032.4,2,99,8570.83,2.26,36,0
CRD-00961,2024-12-27,32,17134.39,19887.75,0,127,20546.6,4.03,48,0
CRD-00962,2026-01-14,23,11960.36,10385.31,0,114,3398.61,4.07,48,0
CRD-00963,2023-09-25,48,16470.83,20999.92,4,23,29663.94,3.01,18,0
CRD-00964,2023-06-08,69,11012.26,5225.62,3,96,19109.89,5.29,24,0
CRD-00965,2024-07-07,18,13488.09,15022.5,2,24,32620.48,1.34,6,0
CRD-00966,2025-08-03,72,1416.75,477.9,1,88,20849.2,4.16,48,0
CRD-00967,2023-10-13,48,15443.47,20823.25,0,191,21042.78,1.95,24,0
CRD-00968,2023-02-13,69,17570.92,3155.09,0,1,19948.35,2.53,48,0
CRD-00969,2024-01-16,62,3921.39,1677.09,1,77,40191.06,2.98,24,0
CRD-00970,2024-03-27,75,11965.37,16618.85,3,215,17384.16,4.77,24,0
CRD-00971,2023-12-04,18,5047.48,6787.74,0,53,35100.5,4.94,24,0
CRD-00972,2026-03-24,42,13175.07,2094.41,3,107,7382.83,1.99,6,0
CRD-00973,2025-03-24,32,7236.84,991.88,0,216,3031.27,2.85,24,0
CRD-00974,2026-03-21,61,15466.25,11792.12,0,16,12698.39,1.63,24,0
CRD-00975,2025-06-26,57,8754.88,6282.94,0,153,26226.31,2.35,24,1
CRD-00976,2023-11-03,50,12573.45,11337.88,0,108,37370.96,4.9,12,0
CRD-00977,2026-02-27,50,1705.42,1855.11,0,133,14544.89,3.16,12,0
CRD-00978,2026-01-06,29,5649.02,2180.71,0,104,44390.46,4.36,24,0
CRD-00979,2023-03-15,46,17776.11,26253.98,0,179,11157.48,4.94,6,0
CRD-00980,2024-02-03,69,16329.74,7330.13,2,152,44469.16,1.17,12,0
CRD-00981,2025-07-02,51,7785.1,10741.4,2,23,3701.13,2.54,6,0
CRD-00982,2025-04-10,56,5998.59,5280.78,4,47,42677.24,4.41,48,0
CRD-00983,2024-10-29,35,15175.62,19478.13,2,165,11406.93,1.45,48,1
CRD-00984,2025-04-16,48,12021.93,12972.39,2,170,5477.81,5.09,36,0
CRD-00985,2025-11-15,63,2824.16,1116.12,3,213,27817.39,2.7,12,0
CRD-00986,2024-09-14,37,7728.04,7336.48,0,71,40699.53,3.71,18,0
CRD-00987,2024-04-01,27,11333.86,1620.45,0,207,24947.83,2.55,24,0
CRD-00988,2023-11-25,71,10691.43,15227.61,5,181,28468.03,1.42,36,1
CRD-00989,2025-05-15,51,11302.33,934.91,0,110,43108.88,1.32,6,0
CRD-00990,2025-03-07,48,16216.15,21738.09,0,21,19757.35,3.91,24,1
CRD-00991,2023-04-13,19,12768.28,17168.9,0,1,18887.89,4.91,18,0
CRD-00992,2024-06-06,48,13690.3,16472.96,0,40,13181.77,4.08,24,0
CRD-00993,2023-01-14,21,13214.03,12732.82,2,180,22199.99,2.35,12,1
CRD-00994,2026-02-17,29,2786.31,417.88,2,222,19082.28,3.07,12,0
CRD-00995,2023-07-25,55,12791.91,12749.67,1,120,19335.05,3.94,18,0
CRD-00996,2023-06-19,73,15739.83,23529.72,0,93,4127.52,3.62,24,1
CRD-00997,2025-09-22,48,5257.93,2401.06,1,35,44262.33,3.05,6,0
CRD-00998,2025-01-08,34,10222.96,9658.1,3,43,19480.88,1.86,12,0
CRD-00999,2023-08-29,59,12922.47,5775.12,2,24,11454.04,3.89,18,0
CRD-01000,2023-07-30,52,9322.98,9165.72,2,173,43480.41,4.93,18,0
