pedido_id,cliente_id,data_pedido,canal,categoria,quantidade,preco_unitario,desconto_pct,valor_pedido
PED-00001,CLI-0112,2026-03-08,app,esporte,6,438.29,5,2498.25
PED-00002,CLI-0003,2026-01-22,marketplace,esporte,2,485.97,0,971.94
PED-00003,CLI-0427,2026-05-10,app,eletrônicos,6,547.83,15,2793.93
PED-00004,CLI-0537,2026-05-26,marketplace,beleza,2,44.42,10,79.96
PED-00005,CLI-0400,2025-02-20,app,eletrônicos,6,207.48,10,1120.39
PED-00006,CLI-0305,2025-08-20,loja,esporte,6,120.28,20,577.34
PED-00007,CLI-0112,2025-09-20,site,esporte,5,289.38,0,1446.9
PED-00008,CLI-0237,2025-02-07,site,esporte,3,471.73,15,1202.91
PED-00009,CLI-0499,2025-09-14,site,casa,5,38.98,10,175.41
PED-00010,CLI-0118,2025-11-02,marketplace,eletrônicos,2,230.54,15,391.92
PED-00011,CLI-0383,2025-05-07,site,casa,5,61.7,20,246.8
PED-00012,CLI-0476,2026-02-11,site,esporte,5,107.87,5,512.38
PED-00013,CLI-0253,2025-10-11,site,beleza,2,92.49,0,184.98
PED-00014,CLI-0142,2025-09-12,loja,casa,6,587.64,15,2996.96
PED-00015,CLI-0434,2026-02-16,site,beleza,1,106.86,0,106.86
PED-00016,CLI-0527,2026-06-07,site,casa,4,249.84,0,999.36
PED-00017,CLI-0559,2025-08-26,app,beleza,2,506.35,0,1012.7
PED-00018,CLI-0085,2025-11-02,site,esporte,2,449.3,10,808.74
PED-00019,CLI-0335,2026-01-06,site,esporte,4,169.25,20,541.6
PED-00020,CLI-0588,2025-11-15,app,livros,3,598.35,5,1705.3
PED-00021,CLI-0084,2025-05-06,loja,eletrônicos,1,571.68,15,485.93
PED-00022,CLI-0194,2025-04-01,site,beleza,2,593.68,0,1187.36
PED-00023,CLI-0597,2025-12-05,marketplace,beleza,3,342.36,15,873.02
PED-00024,CLI-0465,2026-08-16,site,esporte,1,606.85,0,606.85
PED-00025,CLI-0028,2026-05-20,app,eletrônicos,1,559.64,15,475.69
PED-00026,CLI-0587,2025-12-20,loja,eletrônicos,4,334.2,0,1336.8
PED-00027,CLI-0392,2025-05-13,site,livros,3,593.17,15,1512.58
PED-00028,CLI-0238,2025-04-06,loja,casa,4,178.13,20,570.02
PED-00029,CLI-0119,2025-09-02,marketplace,esporte,4,261.44,0,1045.76
PED-00030,CLI-0063,2026-04-14,site,esporte,4,565.1,5,2147.38
PED-00031,CLI-0466,2025-10-14,app,eletrônicos,2,214.02,15,363.83
PED-00032,CLI-0182,2026-04-29,loja,beleza,2,46.19,0,92.38
PED-00033,CLI-0463,2026-03-07,loja,esporte,6,541.75,15,2762.92
PED-00034,CLI-0310,2025-09-28,loja,beleza,3,91.51,0,274.53
PED-00035,CLI-0450,2025-02-14,app,eletrônicos,5,209.79,20,839.16
PED-00036,CLI-0021,2026-07-09,loja,livros,1,644.2,5,611.99
PED-00037,CLI-0598,2025-06-16,loja,beleza,4,50.53,10,181.91
PED-00038,CLI-0108,2025-11-03,site,eletrônicos,4,279.37,0,1117.48
PED-00039,CLI-0461,2026-05-11,loja,livros,5,316.72,0,1583.6
PED-00040,CLI-0525,2025-12-26,marketplace,casa,4,233.78,0,935.12
PED-00041,CLI-0304,2025-06-20,loja,livros,4,449.73,0,1798.92
PED-00042,CLI-0520,2025-01-26,loja,esporte,2,384.54,10,692.17
PED-00043,CLI-0445,2026-06-26,marketplace,beleza,3,486.72,0,1460.16
PED-00044,CLI-0070,2025-07-06,app,beleza,6,471.67,5,2688.52
PED-00045,CLI-0035,2025-05-16,marketplace,esporte,4,512.09,5,1945.94
PED-00046,CLI-0042,2026-04-13,app,beleza,4,394.76,5,1500.09
PED-00047,CLI-0509,2026-08-02,marketplace,beleza,4,109.21,0,436.84
PED-00048,CLI-0072,2025-07-08,site,eletrônicos,6,528.59,5,3012.96
PED-00049,CLI-0134,2026-03-25,marketplace,casa,2,642.64,0,1285.28
PED-00050,CLI-0553,2025-07-11,app,livros,6,519.16,5,2959.21
PED-00051,CLI-0248,2025-07-26,site,casa,2,164.52,15,279.68
PED-00052,CLI-0259,2025-08-09,loja,esporte,5,390.49,0,1952.45
PED-00053,CLI-0387,2025-01-24,loja,casa,4,532.7,0,2130.8
PED-00054,CLI-0134,2025-01-03,app,livros,4,404.77,15,1376.22
PED-00055,CLI-0144,2026-03-25,loja,eletrônicos,5,574.13,0,2870.65
PED-00056,CLI-0050,2025-05-20,site,esporte,5,235.18,5,1117.11
PED-00057,CLI-0570,2025-09-29,loja,livros,3,353.63,20,848.71
PED-00058,CLI-0252,2026-06-29,site,eletrônicos,4,510.88,0,2043.52
PED-00059,CLI-0533,2026-08-16,site,livros,6,494.18,20,2372.06
PED-00060,CLI-0147,2025-06-20,site,livros,3,239.24,0,717.72
PED-00061,CLI-0136,2025-09-11,loja,livros,4,277.24,0,1108.96
PED-00062,CLI-0564,2025-01-31,marketplace,beleza,4,370.11,5,1406.42
PED-00063,CLI-0235,2026-02-11,app,casa,1,446.96,0,446.96
PED-00064,CLI-0036,2025-05-06,site,beleza,2,579.04,5,1100.18
PED-00065,CLI-0214,2025-11-30,app,beleza,5,271.61,5,1290.15
PED-00066,CLI-0164,2026-04-29,marketplace,casa,5,349.47,5,1659.98
PED-00067,CLI-0318,2025-03-20,loja,esporte,3,524.51,20,1258.82
PED-00068,CLI-0592,2025-06-27,marketplace,livros,5,534.62,5,2539.44
PED-00069,CLI-0200,2025-11-04,app,beleza,1,287.93,0,287.93
PED-00070,CLI-0020,2026-07-25,loja,eletrônicos,5,22.19,0,110.95
PED-00071,CLI-0347,2025-02-12,site,casa,2,351.11,0,702.22
PED-00072,CLI-0004,2025-01-22,site,esporte,2,448.46,15,762.38
PED-00073,CLI-0069,2026-01-05,marketplace,livros,3,249.67,0,749.01
PED-00074,CLI-0070,2026-06-27,site,livros,4,409.53,15,1392.4
PED-00075,CLI-0328,2026-02-20,site,eletrônicos,4,101.18,5,384.48
PED-00076,CLI-0585,2025-12-31,marketplace,livros,2,274.44,15,466.55
PED-00077,CLI-0408,2025-10-10,site,esporte,2,539.55,0,1079.1
PED-00078,CLI-0194,2026-07-02,app,eletrônicos,3,202.77,10,547.48
PED-00079,CLI-0146,2026-08-10,app,beleza,3,338.86,5,965.75
PED-00080,CLI-0011,2025-08-10,marketplace,eletrônicos,4,356.06,15,1210.6
PED-00081,CLI-0158,2025-04-01,app,casa,3,230.08,10,621.22
PED-00082,CLI-0545,2026-02-15,loja,beleza,4,65.7,15,223.38
PED-00083,CLI-0098,2025-04-13,loja,eletrônicos,5,418.86,0,2094.3
PED-00084,CLI-0495,2025-04-20,app,eletrônicos,5,291.2,10,1310.4
PED-00085,CLI-0048,2025-05-13,site,beleza,3,64.52,0,193.56
PED-00086,CLI-0130,2025-06-08,app,casa,5,475.46,0,2377.3
PED-00087,CLI-0276,2025-06-02,app,esporte,5,302.38,0,1511.9
PED-00088,CLI-0106,2026-08-23,loja,beleza,3,337.49,10,911.22
PED-00089,CLI-0440,2026-01-16,app,beleza,3,530.27,0,1590.81
PED-00090,CLI-0020,2026-03-31,marketplace,livros,1,196.49,0,196.49
PED-00091,CLI-0318,2026-04-16,app,livros,3,457.87,0,1373.61
PED-00092,CLI-0422,2026-07-29,app,esporte,4,540.49,10,1945.76
PED-00093,CLI-0559,2025-05-14,app,eletrônicos,3,398.02,10,1074.65
PED-00094,CLI-0482,2025-07-02,marketplace,casa,3,430.78,20,1033.87
PED-00095,CLI-0176,2026-03-21,loja,livros,6,516.9,5,2946.33
PED-00096,CLI-0351,2025-07-15,loja,beleza,6,211.21,15,1077.17
PED-00097,CLI-0386,2026-04-19,loja,esporte,5,331.1,10,1489.95
PED-00098,CLI-0315,2025-04-23,app,beleza,3,589.33,20,1414.39
PED-00099,CLI-0049,2025-02-14,app,livros,2,405.66,10,730.19
PED-00100,CLI-0129,2026-07-01,loja,esporte,6,29.86,0,179.16
PED-00101,CLI-0032,2026-08-19,site,beleza,4,625.36,15,2126.22
PED-00102,CLI-0363,2025-10-21,marketplace,casa,1,398.09,5,378.19
PED-00103,CLI-0416,2026-05-05,marketplace,casa,4,98.55,0,394.2
PED-00104,CLI-0034,2025-05-09,app,esporte,3,183.39,0,550.17
PED-00105,CLI-0275,2025-08-25,site,eletrônicos,1,394.31,0,394.31
PED-00106,CLI-0117,2025-12-07,marketplace,casa,2,312.99,0,625.98
PED-00107,CLI-0265,2025-07-06,marketplace,livros,4,214.39,0,857.56
PED-00108,CLI-0012,2026-03-08,site,beleza,5,630.82,0,3154.1
PED-00109,CLI-0229,2025-09-30,app,livros,2,598.43,20,957.49
PED-00110,CLI-0314,2026-06-25,app,casa,6,190.47,20,914.26
PED-00111,CLI-0331,2026-08-13,marketplace,esporte,5,420.82,20,1683.28
PED-00112,CLI-0362,2026-05-08,app,beleza,4,521.86,0,2087.44
PED-00113,CLI-0168,2025-01-21,loja,esporte,2,123.02,20,196.83
PED-00114,CLI-0208,2025-08-30,app,beleza,4,223.05,0,892.2
PED-00115,CLI-0057,2026-07-31,marketplace,livros,1,381.18,15,324.0
PED-00116,CLI-0320,2026-04-10,loja,casa,4,60.69,20,194.21
PED-00117,CLI-0333,2026-04-08,loja,livros,5,326.98,20,1307.92
PED-00118,CLI-0255,2025-02-23,site,esporte,6,600.12,0,3600.72
PED-00119,CLI-0063,2026-05-20,marketplace,esporte,5,108.76,15,462.23
PED-00120,CLI-0202,2026-01-08,loja,casa,3,615.93,0,1847.79
PED-00121,CLI-0328,2026-08-12,app,beleza,4,389.29,0,1557.16
PED-00122,CLI-0481,2025-07-07,app,livros,6,237.15,10,1280.61
PED-00123,CLI-0524,2026-04-13,site,casa,2,174.81,20,279.7
PED-00124,CLI-0284,2025-09-10,loja,casa,1,608.45,0,608.45
PED-00125,CLI-0434,2025-08-02,loja,eletrônicos,1,132.26,0,132.26
PED-00126,CLI-0260,2025-07-03,site,beleza,2,203.25,5,386.17
PED-00127,CLI-0470,2026-07-06,app,eletrônicos,3,138.63,20,332.71
PED-00128,CLI-0075,2025-09-05,marketplace,eletrônicos,2,237.2,0,474.4
PED-00129,CLI-0099,2025-05-09,site,esporte,2,537.19,0,1074.38
PED-00130,CLI-0548,2025-04-02,marketplace,eletrônicos,3,616.64,0,1849.92
PED-00131,CLI-0280,2025-10-01,app,casa,6,648.53,0,3891.18
PED-00132,CLI-0081,2025-11-03,app,livros,3,266.55,0,799.65
PED-00133,CLI-0523,2026-01-17,site,esporte,1,101.17,0,101.17
PED-00134,CLI-0256,2026-06-14,loja,eletrônicos,1,388.59,20,310.87
PED-00135,CLI-0318,2025-12-24,loja,eletrônicos,6,487.53,15,2486.4
PED-00136,CLI-0322,2026-04-27,loja,esporte,1,228.57,5,217.14
PED-00137,CLI-0178,2025-05-05,app,livros,4,291.18,0,1164.72
PED-00138,CLI-0441,2026-02-24,site,esporte,2,29.03,20,46.45
PED-00139,CLI-0550,2025-05-18,loja,esporte,1,442.29,20,353.83
PED-00140,CLI-0001,2025-09-01,marketplace,esporte,3,101.06,20,242.54
PED-00141,CLI-0057,2025-03-16,loja,beleza,3,44.25,0,132.75
PED-00142,CLI-0368,2026-07-30,marketplace,beleza,6,261.58,20,1255.58
PED-00143,CLI-0195,2026-04-02,app,esporte,4,572.43,0,2289.72
PED-00144,CLI-0039,2025-01-25,site,eletrônicos,5,44.56,20,178.24
PED-00145,CLI-0099,2025-03-22,site,casa,3,501.66,5,1429.73
PED-00146,CLI-0513,2025-06-02,site,beleza,4,543.23,10,1955.63
PED-00147,CLI-0118,2025-08-01,marketplace,casa,1,195.62,5,185.84
PED-00148,CLI-0485,2026-07-23,loja,eletrônicos,5,89.97,10,404.87
PED-00149,CLI-0047,2026-06-25,loja,eletrônicos,6,241.24,5,1375.07
PED-00150,CLI-0571,2026-01-26,app,esporte,3,645.74,20,1549.78
PED-00151,CLI-0491,2026-05-06,app,esporte,2,349.17,0,698.34
PED-00152,CLI-0115,2025-06-10,loja,esporte,1,475.57,10,428.01
PED-00153,CLI-0361,2025-06-08,marketplace,livros,6,140.07,0,840.42
PED-00154,CLI-0030,2025-01-19,app,eletrônicos,4,343.96,15,1169.46
PED-00155,CLI-0599,2026-02-14,loja,eletrônicos,5,298.26,10,1342.17
PED-00156,CLI-0562,2025-09-19,app,esporte,3,635.43,10,1715.66
PED-00157,CLI-0270,2026-04-18,site,esporte,1,182.45,5,173.33
PED-00158,CLI-0461,2026-01-24,loja,eletrônicos,5,343.54,5,1631.82
PED-00159,CLI-0087,2026-07-29,marketplace,livros,3,500.13,0,1500.39
PED-00160,CLI-0375,2025-12-29,marketplace,casa,4,46.71,15,158.81
PED-00161,CLI-0516,2025-11-07,site,esporte,2,603.31,0,1206.62
PED-00162,CLI-0034,2025-08-03,app,livros,5,607.02,0,3035.1
PED-00163,CLI-0220,2026-06-26,app,esporte,3,288.83,20,693.19
PED-00164,CLI-0205,2026-05-04,site,esporte,4,520.19,0,2080.76
PED-00165,CLI-0165,2026-05-23,marketplace,eletrônicos,6,370.16,0,2220.96
PED-00166,CLI-0158,2026-01-16,site,eletrônicos,3,364.02,15,928.25
PED-00167,CLI-0384,2025-05-28,loja,livros,3,438.14,0,1314.42
PED-00168,CLI-0303,2025-11-25,site,beleza,1,433.97,0,433.97
PED-00169,CLI-0214,2025-02-07,marketplace,esporte,6,374.19,10,2020.63
PED-00170,CLI-0139,2026-04-15,loja,esporte,2,346.91,5,659.13
PED-00171,CLI-0289,2025-04-10,app,beleza,4,153.6,0,614.4
PED-00172,CLI-0595,2025-08-14,site,livros,6,55.57,0,333.42
PED-00173,CLI-0232,2025-08-17,site,esporte,3,117.47,0,352.41
PED-00174,CLI-0580,2025-10-12,marketplace,livros,1,294.62,10,265.16
PED-00175,CLI-0525,2025-10-05,marketplace,casa,4,494.9,0,1979.6
PED-00176,CLI-0387,2026-01-03,app,casa,1,347.82,20,278.26
PED-00177,CLI-0414,2025-12-11,site,eletrônicos,2,303.88,0,607.76
PED-00178,CLI-0230,2025-06-19,loja,eletrônicos,2,175.88,0,351.76
PED-00179,CLI-0105,2026-01-17,app,livros,4,487.93,5,1854.13
PED-00180,CLI-0045,2025-03-22,loja,eletrônicos,6,251.18,10,1356.37
PED-00181,CLI-0520,2026-06-13,site,livros,6,122.91,20,589.97
PED-00182,CLI-0556,2025-03-13,site,casa,4,272.41,0,1089.64
PED-00183,CLI-0567,2025-08-11,loja,livros,5,98.32,10,442.44
PED-00184,CLI-0571,2026-05-13,marketplace,casa,6,406.18,10,2193.37
PED-00185,CLI-0401,2026-03-03,loja,beleza,1,224.28,5,213.07
PED-00186,CLI-0149,2025-10-16,app,livros,3,209.45,0,628.35
PED-00187,CLI-0403,2026-07-23,app,eletrônicos,2,176.67,10,318.01
PED-00188,CLI-0308,2025-09-08,loja,eletrônicos,4,166.33,0,665.32
PED-00189,CLI-0113,2025-08-20,site,casa,1,547.36,20,437.89
PED-00190,CLI-0125,2026-01-25,loja,eletrônicos,6,258.57,10,1396.28
PED-00191,CLI-0393,2025-09-12,site,eletrônicos,6,380.61,0,2283.66
PED-00192,CLI-0095,2025-09-28,site,eletrônicos,4,606.19,20,1939.81
PED-00193,CLI-0388,2026-08-18,app,livros,5,97.12,0,485.6
PED-00194,CLI-0217,2026-05-13,loja,eletrônicos,4,372.05,15,1264.97
PED-00195,CLI-0096,2025-02-16,app,eletrônicos,2,183.48,0,366.96
PED-00196,CLI-0576,2026-06-13,site,livros,1,88.07,20,70.46
PED-00197,CLI-0238,2025-01-10,app,livros,3,600.47,15,1531.2
PED-00198,CLI-0003,2025-04-29,loja,livros,4,570.29,15,1938.99
PED-00199,CLI-0002,2026-04-07,loja,eletrônicos,1,335.47,5,318.7
PED-00200,CLI-0516,2026-01-31,marketplace,beleza,4,81.26,15,276.28
PED-00201,CLI-0269,2025-08-06,loja,esporte,1,31.77,0,31.77
PED-00202,CLI-0157,2025-10-06,marketplace,livros,3,317.44,20,761.86
PED-00203,CLI-0466,2026-04-29,loja,eletrônicos,5,187.88,0,939.4
PED-00204,CLI-0272,2025-08-16,loja,beleza,2,560.16,5,1064.3
PED-00205,CLI-0461,2026-08-18,site,beleza,5,600.14,10,2700.63
PED-00206,CLI-0235,2025-08-24,marketplace,beleza,2,402.55,15,684.34
PED-00207,CLI-0415,2025-10-23,loja,eletrônicos,1,135.44,15,115.12
PED-00208,CLI-0437,2025-01-05,marketplace,livros,4,28.69,0,114.76
PED-00209,CLI-0047,2025-08-28,loja,esporte,1,462.18,10,415.96
PED-00210,CLI-0038,2026-02-11,site,eletrônicos,2,73.36,20,117.38
PED-00211,CLI-0303,2026-07-01,marketplace,eletrônicos,5,274.62,0,1373.1
PED-00212,CLI-0398,2025-06-19,loja,eletrônicos,3,160.74,0,482.22
PED-00213,CLI-0410,2025-03-04,marketplace,beleza,3,296.59,10,800.79
PED-00214,CLI-0598,2025-11-04,loja,beleza,5,257.26,15,1093.36
PED-00215,CLI-0253,2025-09-16,marketplace,eletrônicos,5,61.82,0,309.1
PED-00216,CLI-0480,2025-01-26,site,eletrônicos,1,600.3,5,570.28
PED-00217,CLI-0228,2026-04-01,marketplace,livros,4,618.2,20,1978.24
PED-00218,CLI-0207,2026-08-11,site,esporte,3,394.37,20,946.49
PED-00219,CLI-0453,2026-06-25,site,beleza,1,87.93,0,87.93
PED-00220,CLI-0025,2026-03-10,app,eletrônicos,1,645.39,0,645.39
PED-00221,CLI-0366,2025-10-02,loja,beleza,3,203.63,20,488.71
PED-00222,CLI-0239,2026-03-10,loja,beleza,4,194.53,0,778.12
PED-00223,CLI-0166,2026-02-21,app,beleza,6,602.99,0,3617.94
PED-00224,CLI-0217,2025-04-22,app,livros,4,508.53,0,2034.12
PED-00225,CLI-0057,2025-09-07,loja,beleza,1,571.91,20,457.53
PED-00226,CLI-0414,2026-08-23,loja,casa,5,131.83,15,560.28
PED-00227,CLI-0490,2026-01-31,marketplace,casa,6,88.57,15,451.71
PED-00228,CLI-0311,2025-04-17,marketplace,casa,4,154.8,10,557.28
PED-00229,CLI-0156,2025-10-07,app,beleza,5,331.04,15,1406.92
PED-00230,CLI-0250,2025-12-24,app,esporte,5,255.71,0,1278.55
PED-00231,CLI-0268,2026-02-02,site,casa,5,304.44,0,1522.2
PED-00232,CLI-0494,2025-10-08,marketplace,esporte,5,144.88,0,724.4
PED-00233,CLI-0573,2025-02-04,site,esporte,4,21.71,0,86.84
PED-00234,CLI-0122,2025-08-23,site,esporte,3,310.3,0,930.9
PED-00235,CLI-0571,2025-05-20,app,livros,3,33.48,15,85.37
PED-00236,CLI-0548,2025-09-27,marketplace,eletrônicos,4,209.03,0,836.12
PED-00237,CLI-0336,2025-04-15,loja,esporte,3,436.78,15,1113.79
PED-00238,CLI-0257,2025-01-06,app,esporte,2,396.76,0,793.52
PED-00239,CLI-0408,2025-04-12,app,livros,6,359.92,5,2051.54
PED-00240,CLI-0057,2025-11-26,loja,eletrônicos,2,399.94,20,639.9
PED-00241,CLI-0050,2025-06-27,site,eletrônicos,4,640.46,0,2561.84
PED-00242,CLI-0076,2025-02-26,marketplace,eletrônicos,1,534.96,5,508.21
PED-00243,CLI-0259,2026-08-23,site,casa,4,139.68,0,558.72
PED-00244,CLI-0570,2025-03-31,app,casa,2,18.76,15,31.89
PED-00245,CLI-0587,2026-06-28,site,beleza,3,438.92,5,1250.92
PED-00246,CLI-0224,2026-02-19,site,eletrônicos,4,98.81,15,335.95
PED-00247,CLI-0506,2025-09-28,marketplace,casa,6,183.84,0,1103.04
PED-00248,CLI-0430,2026-02-27,site,beleza,3,630.68,15,1608.23
PED-00249,CLI-0544,2025-05-22,app,casa,2,642.31,20,1027.7
PED-00250,CLI-0539,2025-01-22,marketplace,livros,4,152.82,0,611.28
PED-00251,CLI-0229,2025-05-05,site,casa,4,260.94,15,887.2
PED-00252,CLI-0447,2025-07-14,app,esporte,4,183.46,0,733.84
PED-00253,CLI-0068,2026-06-03,marketplace,esporte,2,218.26,15,371.04
PED-00254,CLI-0151,2026-03-21,app,beleza,3,27.45,0,82.35
PED-00255,CLI-0184,2025-03-11,loja,casa,6,379.23,0,2275.38
PED-00256,CLI-0412,2026-07-01,marketplace,eletrônicos,2,577.64,15,981.99
PED-00257,CLI-0473,2025-06-29,loja,beleza,4,579.26,0,2317.04
PED-00258,CLI-0191,2026-08-05,loja,casa,3,552.46,0,1657.38
PED-00259,CLI-0533,2026-03-01,loja,casa,3,181.14,15,461.91
PED-00260,CLI-0520,2026-03-16,site,eletrônicos,6,479.14,5,2731.1
PED-00261,CLI-0227,2025-03-18,site,esporte,3,512.95,0,1538.85
PED-00262,CLI-0026,2025-09-21,loja,beleza,1,400.36,10,360.32
PED-00263,CLI-0325,2026-05-27,loja,beleza,4,71.83,0,287.32
PED-00264,CLI-0171,2025-02-27,marketplace,beleza,6,593.02,15,3024.4
PED-00265,CLI-0591,2026-05-06,site,casa,5,50.95,0,254.75
PED-00266,CLI-0242,2025-01-17,marketplace,casa,6,479.19,5,2731.38
PED-00267,CLI-0407,2025-04-30,marketplace,eletrônicos,4,130.86,15,444.92
PED-00268,CLI-0305,2025-08-10,site,beleza,2,138.25,10,248.85
PED-00269,CLI-0582,2025-01-07,marketplace,esporte,2,411.41,0,822.82
PED-00270,CLI-0585,2025-08-21,app,beleza,6,305.8,20,1467.84
PED-00271,CLI-0355,2026-01-03,site,beleza,4,556.92,0,2227.68
PED-00272,CLI-0088,2025-05-30,site,eletrônicos,3,472.92,0,1418.76
PED-00273,CLI-0467,2026-05-06,site,casa,6,154.87,5,882.76
PED-00274,CLI-0403,2026-06-25,marketplace,esporte,4,111.8,0,447.2
PED-00275,CLI-0299,2025-04-17,app,casa,1,119.32,10,107.39
PED-00276,CLI-0044,2025-08-01,loja,esporte,1,521.38,10,469.24
PED-00277,CLI-0150,2025-09-13,app,livros,1,487.65,10,438.88
PED-00278,CLI-0176,2026-07-27,site,eletrônicos,2,341.13,0,682.26
PED-00279,CLI-0208,2026-04-29,site,casa,6,470.59,10,2541.19
PED-00280,CLI-0298,2026-03-28,loja,casa,2,470.68,0,941.36
PED-00281,CLI-0066,2025-07-08,marketplace,eletrônicos,1,316.26,0,316.26
PED-00282,CLI-0260,2026-07-18,site,esporte,3,105.04,5,299.36
PED-00283,CLI-0215,2025-06-14,marketplace,livros,4,405.46,5,1540.75
PED-00284,CLI-0336,2025-03-09,loja,livros,2,412.81,15,701.78
PED-00285,CLI-0373,2025-04-04,site,eletrônicos,6,466.32,0,2797.92
PED-00286,CLI-0551,2026-06-10,loja,casa,1,408.86,15,347.53
PED-00287,CLI-0049,2025-05-12,site,casa,4,572.34,0,2289.36
PED-00288,CLI-0133,2026-03-05,app,livros,1,647.49,0,647.49
PED-00289,CLI-0237,2025-02-09,site,casa,2,489.36,10,880.85
PED-00290,CLI-0282,2025-10-06,app,esporte,6,107.96,20,518.21
PED-00291,CLI-0587,2025-12-05,app,beleza,2,380.97,5,723.84
PED-00292,CLI-0406,2025-01-31,app,eletrônicos,5,88.69,5,421.28
PED-00293,CLI-0572,2026-03-09,marketplace,livros,4,404.92,20,1295.74
PED-00294,CLI-0261,2025-01-10,loja,livros,2,148.41,0,296.82
PED-00295,CLI-0102,2025-09-16,marketplace,esporte,1,613.89,5,583.2
PED-00296,CLI-0560,2025-09-28,loja,livros,5,311.44,0,1557.2
PED-00297,CLI-0098,2025-12-06,marketplace,esporte,5,35.36,0,176.8
PED-00298,CLI-0175,2025-11-03,site,beleza,2,384.63,5,730.8
PED-00299,CLI-0007,2025-05-13,loja,eletrônicos,3,78.6,0,235.8
PED-00300,CLI-0426,2026-02-22,site,casa,5,380.23,15,1615.98
PED-00301,CLI-0340,2025-05-06,loja,casa,3,546.64,15,1393.93
PED-00302,CLI-0566,2025-09-08,site,livros,6,120.79,15,616.03
PED-00303,CLI-0456,2026-05-31,loja,casa,5,140.04,5,665.19
PED-00304,CLI-0314,2025-12-25,marketplace,esporte,3,485.79,15,1238.76
PED-00305,CLI-0204,2025-06-28,loja,eletrônicos,3,489.57,15,1248.4
PED-00306,CLI-0163,2025-04-20,loja,livros,1,91.19,0,91.19
PED-00307,CLI-0475,2026-06-03,marketplace,beleza,6,293.17,0,1759.02
PED-00308,CLI-0227,2026-07-20,site,esporte,5,129.97,0,649.85
PED-00309,CLI-0021,2025-10-10,loja,livros,5,389.34,0,1946.7
PED-00310,CLI-0483,2026-07-01,site,beleza,5,22.42,20,89.68
PED-00311,CLI-0317,2026-03-19,app,casa,1,523.14,20,418.51
PED-00312,CLI-0303,2025-08-14,loja,beleza,3,623.0,0,1869.0
PED-00313,CLI-0362,2025-07-05,marketplace,esporte,1,224.02,20,179.22
PED-00314,CLI-0091,2025-11-25,site,casa,4,331.42,10,1193.11
PED-00315,CLI-0019,2026-04-05,loja,livros,5,522.01,0,2610.05
PED-00316,CLI-0257,2026-04-24,loja,eletrônicos,4,632.03,5,2401.71
PED-00317,CLI-0366,2025-03-31,marketplace,eletrônicos,4,18.36,10,66.1
PED-00318,CLI-0186,2025-04-22,site,casa,3,434.68,0,1304.04
PED-00319,CLI-0385,2025-07-26,site,eletrônicos,4,466.29,10,1678.64
PED-00320,CLI-0073,2026-06-11,app,beleza,2,190.09,5,361.17
PED-00321,CLI-0233,2026-08-15,site,esporte,5,388.8,15,1652.4
PED-00322,CLI-0120,2025-10-15,app,beleza,4,588.38,15,2000.49
PED-00323,CLI-0130,2026-05-06,marketplace,eletrônicos,5,576.6,20,2306.4
PED-00324,CLI-0226,2025-12-03,app,beleza,6,266.97,0,1601.82
PED-00325,CLI-0362,2026-05-13,app,beleza,6,359.91,10,1943.51
PED-00326,CLI-0525,2026-01-10,marketplace,beleza,6,424.19,10,2290.63
PED-00327,CLI-0241,2025-04-18,marketplace,esporte,5,506.52,0,2532.6
PED-00328,CLI-0009,2025-09-06,site,esporte,1,467.84,10,421.06
PED-00329,CLI-0597,2025-08-31,loja,livros,4,389.23,10,1401.23
PED-00330,CLI-0259,2025-11-17,loja,livros,4,450.28,15,1530.95
PED-00331,CLI-0175,2025-04-23,marketplace,casa,1,303.6,10,273.24
PED-00332,CLI-0292,2026-01-30,app,livros,6,505.39,0,3032.34
PED-00333,CLI-0401,2026-04-08,site,livros,3,645.9,0,1937.7
PED-00334,CLI-0215,2025-09-13,loja,beleza,3,384.4,10,1037.88
PED-00335,CLI-0587,2025-02-25,marketplace,livros,4,531.42,15,1806.83
PED-00336,CLI-0229,2026-06-03,marketplace,livros,3,302.68,20,726.43
PED-00337,CLI-0074,2026-03-03,marketplace,esporte,6,641.29,10,3462.97
PED-00338,CLI-0314,2026-06-23,site,esporte,3,647.47,0,1942.41
PED-00339,CLI-0101,2025-08-04,marketplace,esporte,1,647.52,15,550.39
PED-00340,CLI-0198,2026-02-02,loja,eletrônicos,1,574.26,15,488.12
PED-00341,CLI-0398,2025-01-03,app,casa,4,338.97,0,1355.88
PED-00342,CLI-0330,2025-07-15,loja,eletrônicos,2,470.19,10,846.34
PED-00343,CLI-0349,2025-08-30,app,beleza,2,276.36,10,497.45
PED-00344,CLI-0192,2025-12-08,app,eletrônicos,6,502.0,15,2560.2
PED-00345,CLI-0201,2025-05-22,app,esporte,6,524.33,0,3145.98
PED-00346,CLI-0339,2025-09-01,site,livros,3,456.83,15,1164.92
PED-00347,CLI-0055,2026-04-07,app,casa,2,183.89,15,312.61
PED-00348,CLI-0077,2025-05-12,loja,esporte,2,187.27,5,355.81
PED-00349,CLI-0366,2025-12-04,loja,livros,1,387.82,15,329.65
PED-00350,CLI-0153,2025-12-19,site,eletrônicos,6,303.34,0,1820.04
PED-00351,CLI-0200,2026-02-25,marketplace,livros,1,315.21,0,315.21
PED-00352,CLI-0482,2025-09-29,marketplace,eletrônicos,3,374.2,20,898.08
PED-00353,CLI-0096,2025-06-13,app,esporte,1,366.24,0,366.24
PED-00354,CLI-0415,2025-01-15,site,casa,4,223.35,5,848.73
PED-00355,CLI-0243,2025-06-22,site,livros,2,590.81,10,1063.46
PED-00356,CLI-0362,2026-01-31,app,eletrônicos,3,197.04,10,532.01
PED-00357,CLI-0349,2025-09-20,loja,eletrônicos,3,251.66,20,603.98
PED-00358,CLI-0439,2025-05-10,site,esporte,4,152.14,0,608.56
PED-00359,CLI-0320,2026-05-26,app,casa,4,503.48,10,1812.53
PED-00360,CLI-0591,2025-05-21,site,livros,4,277.08,0,1108.32
PED-00361,CLI-0251,2026-02-25,marketplace,beleza,1,36.47,0,36.47
PED-00362,CLI-0146,2026-01-22,marketplace,beleza,6,435.56,20,2090.69
PED-00363,CLI-0154,2025-01-18,site,beleza,2,616.47,0,1232.94
PED-00364,CLI-0024,2026-03-31,marketplace,eletrônicos,3,617.7,15,1575.13
PED-00365,CLI-0474,2026-04-14,site,eletrônicos,5,41.46,15,176.21
PED-00366,CLI-0058,2025-12-15,app,beleza,6,86.14,0,516.84
PED-00367,CLI-0469,2025-08-02,marketplace,beleza,3,213.5,0,640.5
PED-00368,CLI-0187,2026-05-03,site,beleza,2,594.61,5,1129.76
PED-00369,CLI-0237,2025-07-18,site,beleza,6,168.21,15,857.87
PED-00370,CLI-0151,2025-06-11,site,eletrônicos,5,599.35,20,2397.4
PED-00371,CLI-0164,2025-12-12,app,esporte,2,33.73,0,67.46
PED-00372,CLI-0149,2025-02-13,app,esporte,1,585.36,0,585.36
PED-00373,CLI-0056,2026-04-01,loja,livros,6,194.79,5,1110.3
PED-00374,CLI-0549,2026-07-28,marketplace,casa,3,328.31,10,886.44
PED-00375,CLI-0155,2026-07-15,app,beleza,2,57.27,0,114.54
PED-00376,CLI-0432,2025-01-27,site,livros,1,637.9,0,637.9
PED-00377,CLI-0516,2025-09-22,loja,casa,4,462.73,0,1850.92
PED-00378,CLI-0582,2025-10-05,marketplace,eletrônicos,4,276.08,20,883.46
PED-00379,CLI-0264,2026-03-13,loja,casa,3,296.06,15,754.95
PED-00380,CLI-0477,2026-01-06,loja,esporte,4,155.47,10,559.69
PED-00381,CLI-0015,2026-05-22,marketplace,eletrônicos,5,590.68,0,2953.4
PED-00382,CLI-0470,2025-10-07,site,esporte,4,219.03,5,832.31
PED-00383,CLI-0513,2025-03-30,marketplace,casa,2,589.89,10,1061.8
PED-00384,CLI-0063,2026-07-13,app,beleza,3,116.0,10,313.2
PED-00385,CLI-0387,2025-05-31,loja,eletrônicos,4,452.2,0,1808.8
PED-00386,CLI-0505,2026-03-25,site,beleza,1,18.83,0,18.83
PED-00387,CLI-0408,2026-03-11,site,casa,1,229.52,15,195.09
PED-00388,CLI-0412,2025-03-18,marketplace,livros,6,548.46,15,2797.15
PED-00389,CLI-0066,2026-04-29,app,esporte,5,547.69,15,2327.68
PED-00390,CLI-0179,2026-08-20,loja,casa,5,138.65,0,693.25
PED-00391,CLI-0277,2026-07-25,site,esporte,6,246.13,0,1476.78
PED-00392,CLI-0570,2025-01-19,loja,beleza,1,382.54,0,382.54
PED-00393,CLI-0122,2025-01-21,marketplace,eletrônicos,5,296.07,15,1258.3
PED-00394,CLI-0106,2026-06-11,loja,casa,6,451.02,5,2570.81
PED-00395,CLI-0057,2025-02-10,marketplace,livros,4,313.36,0,1253.44
PED-00396,CLI-0562,2025-03-01,loja,esporte,3,160.89,5,458.54
PED-00397,CLI-0301,2026-01-24,marketplace,eletrônicos,4,460.01,15,1564.03
PED-00398,CLI-0036,2025-02-24,site,eletrônicos,3,633.85,0,1901.55
PED-00399,CLI-0569,2026-04-26,loja,eletrônicos,1,533.23,5,506.57
PED-00400,CLI-0357,2025-06-30,loja,beleza,1,253.25,0,253.25
PED-00401,CLI-0236,2026-04-30,app,eletrônicos,2,451.6,15,767.72
PED-00402,CLI-0482,2025-03-25,loja,beleza,1,643.53,0,643.53
PED-00403,CLI-0342,2026-04-30,app,beleza,3,427.8,15,1090.89
PED-00404,CLI-0463,2026-03-09,loja,livros,3,394.04,15,1004.8
PED-00405,CLI-0265,2025-06-21,app,eletrônicos,3,113.65,15,289.81
PED-00406,CLI-0358,2025-10-16,app,esporte,1,273.62,0,273.62
PED-00407,CLI-0376,2025-10-26,site,casa,1,612.81,20,490.25
PED-00408,CLI-0236,2025-09-02,marketplace,esporte,4,610.46,10,2197.66
PED-00409,CLI-0459,2026-02-09,marketplace,beleza,6,380.41,20,1825.97
PED-00410,CLI-0005,2025-04-28,loja,livros,6,445.27,5,2538.04
PED-00411,CLI-0309,2026-05-24,site,livros,1,528.87,5,502.43
PED-00412,CLI-0529,2026-06-18,site,livros,3,406.92,5,1159.72
PED-00413,CLI-0060,2025-10-07,app,livros,5,404.96,10,1822.32
PED-00414,CLI-0047,2026-05-31,loja,esporte,4,126.02,15,428.47
PED-00415,CLI-0592,2025-09-19,marketplace,casa,3,227.0,10,612.9
PED-00416,CLI-0325,2025-07-07,app,esporte,3,254.3,0,762.9
PED-00417,CLI-0059,2025-04-22,loja,eletrônicos,1,587.66,0,587.66
PED-00418,CLI-0524,2026-07-02,loja,beleza,3,277.35,5,790.45
PED-00419,CLI-0591,2025-08-16,marketplace,eletrônicos,2,66.27,0,132.54
PED-00420,CLI-0465,2026-05-28,app,livros,6,150.5,20,722.4
PED-00421,CLI-0160,2026-06-29,app,esporte,1,572.63,0,572.63
PED-00422,CLI-0138,2025-09-29,site,livros,2,236.78,5,449.88
PED-00423,CLI-0589,2025-12-06,marketplace,beleza,3,363.48,0,1090.44
PED-00424,CLI-0289,2025-04-15,marketplace,livros,6,403.37,0,2420.22
PED-00425,CLI-0006,2026-07-07,loja,casa,3,300.41,5,856.17
PED-00426,CLI-0494,2026-08-21,loja,esporte,2,609.22,0,1218.44
PED-00427,CLI-0470,2025-07-04,app,esporte,1,183.74,0,183.74
PED-00428,CLI-0353,2025-12-11,app,beleza,5,47.97,0,239.85
PED-00429,CLI-0439,2025-07-05,marketplace,beleza,4,299.88,20,959.62
PED-00430,CLI-0339,2026-07-09,loja,livros,5,309.37,5,1469.51
PED-00431,CLI-0302,2025-12-04,site,casa,5,181.04,5,859.94
PED-00432,CLI-0140,2025-10-12,app,esporte,1,91.03,10,81.93
PED-00433,CLI-0446,2025-01-04,app,esporte,6,225.48,10,1217.59
PED-00434,CLI-0596,2025-12-07,app,livros,6,644.34,15,3286.13
PED-00435,CLI-0114,2026-01-21,app,livros,2,344.07,0,688.14
PED-00436,CLI-0249,2026-06-25,marketplace,livros,3,515.78,5,1469.97
PED-00437,CLI-0369,2026-02-21,marketplace,beleza,1,600.15,0,600.15
PED-00438,CLI-0246,2026-02-16,site,esporte,2,463.72,15,788.32
PED-00439,CLI-0259,2025-01-29,site,livros,6,282.74,10,1526.8
PED-00440,CLI-0134,2025-08-26,marketplace,livros,1,257.38,0,257.38
PED-00441,CLI-0451,2025-09-05,app,esporte,2,51.41,20,82.26
PED-00442,CLI-0166,2025-03-11,loja,livros,5,279.56,15,1188.13
PED-00443,CLI-0065,2026-04-13,site,casa,3,282.41,20,677.78
PED-00444,CLI-0504,2025-03-20,app,beleza,2,361.56,0,723.12
PED-00445,CLI-0405,2026-05-15,marketplace,eletrônicos,5,497.24,0,2486.2
PED-00446,CLI-0523,2025-11-23,loja,beleza,6,575.43,0,3452.58
PED-00447,CLI-0334,2026-02-15,loja,eletrônicos,4,164.4,5,624.72
PED-00448,CLI-0565,2026-06-20,app,livros,1,122.44,20,97.95
PED-00449,CLI-0536,2025-05-23,marketplace,esporte,1,610.91,15,519.27
PED-00450,CLI-0280,2026-08-22,marketplace,beleza,1,593.96,0,593.96
PED-00451,CLI-0161,2026-06-23,loja,esporte,3,128.98,10,348.25
PED-00452,CLI-0082,2025-02-06,app,casa,3,115.4,0,346.2
PED-00453,CLI-0094,2026-07-08,app,casa,5,565.97,5,2688.36
PED-00454,CLI-0391,2025-06-13,marketplace,livros,1,149.45,5,141.98
PED-00455,CLI-0493,2025-05-10,marketplace,casa,4,605.42,15,2058.43
PED-00456,CLI-0347,2026-03-14,app,esporte,5,461.93,20,1847.72
PED-00457,CLI-0030,2025-05-28,app,casa,5,310.47,5,1474.73
PED-00458,CLI-0460,2025-01-07,app,livros,5,646.17,5,3069.31
PED-00459,CLI-0417,2026-03-25,app,beleza,1,622.56,0,622.56
PED-00460,CLI-0356,2025-08-22,loja,esporte,2,186.09,15,316.35
PED-00461,CLI-0198,2025-09-06,app,esporte,3,580.93,0,1742.79
PED-00462,CLI-0058,2026-05-27,loja,livros,6,469.15,0,2814.9
PED-00463,CLI-0599,2025-08-07,marketplace,casa,3,353.43,15,901.25
PED-00464,CLI-0130,2025-03-04,app,beleza,2,508.4,0,1016.8
PED-00465,CLI-0320,2025-12-19,app,livros,4,601.2,0,2404.8
PED-00466,CLI-0351,2025-02-12,loja,livros,6,631.65,0,3789.9
PED-00467,CLI-0229,2026-02-25,marketplace,esporte,5,399.49,20,1597.96
PED-00468,CLI-0489,2025-02-09,site,livros,3,83.89,5,239.09
PED-00469,CLI-0293,2026-08-21,marketplace,esporte,4,420.98,20,1347.14
PED-00470,CLI-0352,2025-08-27,marketplace,beleza,5,265.1,20,1060.4
PED-00471,CLI-0528,2025-01-11,loja,esporte,3,627.19,0,1881.57
PED-00472,CLI-0183,2026-05-27,site,casa,6,162.26,0,973.56
PED-00473,CLI-0548,2025-10-18,marketplace,esporte,5,398.65,0,1993.25
PED-00474,CLI-0166,2025-01-30,app,beleza,1,434.64,5,412.91
PED-00475,CLI-0286,2025-09-26,app,esporte,3,386.26,10,1042.9
PED-00476,CLI-0569,2025-10-09,loja,casa,1,326.54,0,326.54
PED-00477,CLI-0049,2025-03-02,app,casa,1,99.38,15,84.47
PED-00478,CLI-0248,2026-08-13,marketplace,eletrônicos,5,36.29,0,181.45
PED-00479,CLI-0365,2026-01-20,marketplace,beleza,2,362.0,0,724.0
PED-00480,CLI-0078,2025-02-24,site,beleza,3,581.17,10,1569.16
PED-00481,CLI-0212,2025-01-18,marketplace,livros,1,249.3,0,249.3
PED-00482,CLI-0133,2025-07-22,marketplace,esporte,3,273.14,0,819.42
PED-00483,CLI-0327,2025-06-19,marketplace,livros,5,502.71,0,2513.55
PED-00484,CLI-0596,2026-03-18,loja,livros,6,410.47,5,2339.68
PED-00485,CLI-0584,2026-05-22,loja,livros,3,377.19,10,1018.41
PED-00486,CLI-0246,2025-01-27,marketplace,casa,3,222.9,15,568.39
PED-00487,CLI-0118,2026-07-31,loja,beleza,6,417.13,5,2377.64
PED-00488,CLI-0230,2026-01-09,loja,casa,3,585.26,10,1580.2
PED-00489,CLI-0376,2025-11-17,app,eletrônicos,2,485.09,15,824.65
PED-00490,CLI-0513,2026-04-10,app,eletrônicos,6,506.94,15,2585.39
PED-00491,CLI-0069,2026-02-08,app,eletrônicos,6,216.03,20,1036.94
PED-00492,CLI-0303,2025-11-03,loja,casa,3,328.58,15,837.88
PED-00493,CLI-0139,2025-03-03,marketplace,esporte,2,43.51,20,69.62
PED-00494,CLI-0561,2025-09-26,app,livros,4,145.97,10,525.49
PED-00495,CLI-0248,2025-02-28,app,eletrônicos,2,537.84,0,1075.68
PED-00496,CLI-0010,2025-06-22,app,beleza,6,644.95,0,3869.7
PED-00497,CLI-0023,2025-07-25,loja,eletrônicos,4,165.6,15,563.04
PED-00498,CLI-0040,2025-06-30,loja,casa,6,73.96,10,399.38
PED-00499,CLI-0582,2025-12-29,site,eletrônicos,4,379.3,10,1365.48
PED-00500,CLI-0091,2025-10-17,app,casa,4,402.12,0,1608.48
PED-00501,CLI-0089,2025-06-07,site,eletrônicos,3,209.17,0,627.51
PED-00502,CLI-0239,2025-07-28,loja,beleza,3,486.32,15,1240.12
PED-00503,CLI-0443,2026-01-11,app,esporte,4,61.39,0,245.56
PED-00504,CLI-0506,2026-03-14,app,livros,5,280.92,0,1404.6
PED-00505,CLI-0027,2025-05-12,app,beleza,1,503.38,0,503.38
PED-00506,CLI-0086,2025-03-30,app,eletrônicos,6,465.3,10,2512.62
PED-00507,CLI-0574,2025-04-05,site,casa,3,392.18,0,1176.54
PED-00508,CLI-0541,2026-06-23,site,beleza,5,50.07,10,225.31
PED-00509,CLI-0370,2026-01-24,app,casa,6,278.49,20,1336.75
PED-00510,CLI-0037,2025-04-30,app,eletrônicos,5,86.06,10,387.27
PED-00511,CLI-0212,2025-08-11,site,esporte,2,220.83,10,397.49
PED-00512,CLI-0409,2025-06-05,marketplace,eletrônicos,2,498.56,20,797.7
PED-00513,CLI-0496,2025-11-04,site,eletrônicos,6,574.16,0,3444.96
PED-00514,CLI-0095,2025-08-11,site,beleza,6,364.24,10,1966.9
PED-00515,CLI-0031,2026-05-06,site,casa,3,40.6,20,97.44
PED-00516,CLI-0279,2025-07-30,loja,beleza,2,32.49,0,64.98
PED-00517,CLI-0079,2026-01-12,loja,beleza,4,35.58,5,135.2
PED-00518,CLI-0508,2026-05-02,marketplace,livros,4,236.0,20,755.2
PED-00519,CLI-0471,2025-06-07,app,casa,3,465.13,15,1186.08
PED-00520,CLI-0121,2025-03-19,marketplace,eletrônicos,4,495.73,0,1982.92
PED-00521,CLI-0516,2025-07-20,site,eletrônicos,6,332.4,15,1695.24
PED-00522,CLI-0451,2025-02-26,site,casa,3,504.98,15,1287.7
PED-00523,CLI-0211,2026-08-11,site,esporte,5,257.6,20,1030.4
PED-00524,CLI-0288,2026-02-13,marketplace,beleza,4,32.35,0,129.4
PED-00525,CLI-0141,2026-02-11,app,casa,4,451.82,0,1807.28
PED-00526,CLI-0326,2026-04-18,site,eletrônicos,1,36.5,0,36.5
PED-00527,CLI-0281,2026-08-17,site,beleza,4,565.72,0,2262.88
PED-00528,CLI-0306,2026-03-07,app,eletrônicos,2,175.78,0,351.56
PED-00529,CLI-0503,2026-02-20,loja,livros,3,580.2,20,1392.48
PED-00530,CLI-0176,2026-07-09,app,esporte,6,350.52,0,2103.12
PED-00531,CLI-0592,2025-12-10,marketplace,casa,5,480.76,20,1923.04
PED-00532,CLI-0555,2025-05-26,app,livros,5,555.78,0,2778.9
PED-00533,CLI-0324,2026-07-18,site,casa,3,487.38,0,1462.14
PED-00534,CLI-0025,2025-04-28,app,livros,5,621.44,20,2485.76
PED-00535,CLI-0439,2026-06-16,marketplace,beleza,2,509.88,0,1019.76
PED-00536,CLI-0201,2026-07-29,marketplace,beleza,2,364.21,5,692.0
PED-00537,CLI-0018,2025-07-17,site,livros,2,620.2,10,1116.36
PED-00538,CLI-0532,2025-08-30,loja,esporte,4,179.37,0,717.48
PED-00539,CLI-0492,2026-03-08,loja,eletrônicos,3,344.91,15,879.52
PED-00540,CLI-0134,2026-02-07,site,esporte,2,328.37,0,656.74
PED-00541,CLI-0173,2025-08-22,marketplace,esporte,1,307.06,0,307.06
PED-00542,CLI-0526,2026-02-14,loja,eletrônicos,1,95.0,0,95.0
PED-00543,CLI-0276,2026-06-10,loja,eletrônicos,1,88.09,20,70.47
PED-00544,CLI-0320,2026-01-14,app,esporte,4,130.66,0,522.64
PED-00545,CLI-0122,2025-03-12,site,livros,1,279.69,5,265.71
PED-00546,CLI-0078,2026-01-31,site,beleza,1,561.36,5,533.29
PED-00547,CLI-0341,2025-06-20,loja,livros,4,491.06,0,1964.24
PED-00548,CLI-0180,2025-10-04,marketplace,beleza,4,631.89,0,2527.56
PED-00549,CLI-0238,2025-09-10,marketplace,esporte,4,338.14,0,1352.56
PED-00550,CLI-0298,2025-04-02,loja,livros,3,528.0,0,1584.0
PED-00551,CLI-0421,2025-10-15,marketplace,eletrônicos,3,553.68,0,1661.04
PED-00552,CLI-0089,2025-01-10,site,beleza,2,645.24,20,1032.38
PED-00553,CLI-0509,2026-02-28,app,casa,6,636.99,0,3821.94
PED-00554,CLI-0274,2026-06-20,app,eletrônicos,4,523.51,5,1989.34
PED-00555,CLI-0400,2026-04-01,app,beleza,6,569.29,0,3415.74
PED-00556,CLI-0595,2026-01-12,loja,esporte,6,514.82,0,3088.92
PED-00557,CLI-0588,2025-01-22,site,esporte,5,140.4,0,702.0
PED-00558,CLI-0194,2026-01-05,marketplace,livros,1,361.55,0,361.55
PED-00559,CLI-0258,2025-01-20,loja,casa,2,191.86,10,345.35
PED-00560,CLI-0431,2026-05-01,app,esporte,4,39.44,15,134.1
PED-00561,CLI-0344,2026-08-08,site,livros,3,468.32,10,1264.46
PED-00562,CLI-0292,2025-07-05,marketplace,esporte,5,621.34,0,3106.7
PED-00563,CLI-0087,2026-08-13,marketplace,livros,3,203.61,20,488.66
PED-00564,CLI-0513,2026-03-22,site,eletrônicos,2,317.98,0,635.96
PED-00565,CLI-0069,2025-04-25,marketplace,casa,4,629.05,15,2138.77
PED-00566,CLI-0292,2025-10-05,loja,beleza,3,309.32,15,788.77
PED-00567,CLI-0420,2025-07-08,app,beleza,2,215.84,0,431.68
PED-00568,CLI-0527,2025-08-22,marketplace,eletrônicos,2,285.06,15,484.6
PED-00569,CLI-0477,2025-02-17,site,casa,1,75.19,0,75.19
PED-00570,CLI-0415,2025-10-18,site,casa,6,432.66,5,2466.16
PED-00571,CLI-0580,2025-02-11,loja,beleza,3,570.34,20,1368.82
PED-00572,CLI-0296,2025-10-16,app,casa,1,459.67,20,367.74
PED-00573,CLI-0555,2025-11-17,app,casa,6,239.58,0,1437.48
PED-00574,CLI-0484,2026-05-10,loja,esporte,2,444.29,20,710.86
PED-00575,CLI-0214,2026-05-19,site,casa,5,645.92,0,3229.6
PED-00576,CLI-0468,2026-03-01,marketplace,eletrônicos,3,257.12,15,655.66
PED-00577,CLI-0067,2025-03-26,marketplace,eletrônicos,3,345.16,0,1035.48
PED-00578,CLI-0003,2026-06-19,marketplace,beleza,5,193.44,15,822.12
PED-00579,CLI-0078,2025-05-04,loja,esporte,1,642.95,0,642.95
PED-00580,CLI-0084,2025-09-21,site,beleza,3,259.31,15,661.24
PED-00581,CLI-0469,2026-06-01,loja,livros,2,56.14,10,101.05
PED-00582,CLI-0502,2025-06-26,app,beleza,6,503.03,20,2414.54
PED-00583,CLI-0190,2026-07-14,app,esporte,6,501.73,15,2558.82
PED-00584,CLI-0508,2026-05-10,marketplace,eletrônicos,3,371.65,20,891.96
PED-00585,CLI-0151,2025-02-27,loja,casa,4,372.12,0,1488.48
PED-00586,CLI-0089,2025-06-26,site,beleza,3,606.66,0,1819.98
PED-00587,CLI-0600,2025-06-17,site,beleza,2,274.71,10,494.48
PED-00588,CLI-0020,2026-02-23,app,beleza,6,274.51,15,1400.0
PED-00589,CLI-0209,2026-03-17,app,beleza,3,593.48,20,1424.35
PED-00590,CLI-0413,2026-01-05,app,eletrônicos,4,57.93,0,231.72
PED-00591,CLI-0484,2025-01-02,site,beleza,1,137.39,15,116.78
PED-00592,CLI-0500,2025-01-22,site,beleza,4,47.48,0,189.92
PED-00593,CLI-0446,2026-06-09,app,casa,6,281.49,15,1435.6
PED-00594,CLI-0036,2025-02-07,app,livros,4,523.95,20,1676.64
PED-00595,CLI-0446,2026-06-01,marketplace,livros,3,393.32,15,1002.97
PED-00596,CLI-0181,2026-07-08,marketplace,livros,4,564.83,15,1920.42
PED-00597,CLI-0276,2025-03-02,loja,esporte,4,522.62,15,1776.91
PED-00598,CLI-0405,2025-11-21,loja,livros,4,102.2,5,388.36
PED-00599,CLI-0106,2025-04-02,marketplace,beleza,5,340.21,10,1530.94
PED-00600,CLI-0004,2025-10-05,site,casa,4,319.23,0,1276.92
PED-00601,CLI-0153,2025-11-11,site,casa,3,501.3,20,1203.12
PED-00602,CLI-0060,2026-03-24,app,casa,2,269.03,0,538.06
PED-00603,CLI-0354,2026-02-03,app,livros,6,619.69,0,3718.14
PED-00604,CLI-0034,2026-03-30,marketplace,livros,2,170.64,10,307.15
PED-00605,CLI-0089,2025-02-10,marketplace,beleza,6,258.85,0,1553.1
PED-00606,CLI-0477,2025-12-18,marketplace,esporte,2,427.09,0,854.18
PED-00607,CLI-0572,2026-01-12,app,esporte,1,97.09,15,82.53
PED-00608,CLI-0367,2026-08-12,app,esporte,5,639.54,0,3197.7
PED-00609,CLI-0140,2026-02-22,marketplace,esporte,5,606.2,0,3031.0
PED-00610,CLI-0154,2025-08-25,loja,esporte,2,645.52,0,1291.04
PED-00611,CLI-0225,2025-06-13,marketplace,casa,5,163.91,0,819.55
PED-00612,CLI-0105,2025-07-10,site,casa,3,492.58,0,1477.74
PED-00613,CLI-0055,2025-08-23,site,beleza,6,316.01,20,1516.85
PED-00614,CLI-0258,2026-08-22,site,casa,3,108.11,0,324.33
PED-00615,CLI-0239,2026-04-02,app,eletrônicos,1,186.81,0,186.81
PED-00616,CLI-0376,2026-07-05,marketplace,eletrônicos,5,151.06,0,755.3
PED-00617,CLI-0013,2025-05-11,loja,esporte,3,426.06,10,1150.36
PED-00618,CLI-0381,2025-08-13,site,esporte,4,81.85,10,294.66
PED-00619,CLI-0017,2026-03-08,marketplace,livros,5,434.31,10,1954.4
PED-00620,CLI-0148,2026-01-14,site,livros,6,243.33,0,1459.98
PED-00621,CLI-0228,2026-05-17,marketplace,beleza,6,458.33,20,2199.98
PED-00622,CLI-0212,2025-06-11,app,esporte,4,200.88,0,803.52
PED-00623,CLI-0439,2025-07-22,loja,beleza,6,630.86,10,3406.64
PED-00624,CLI-0539,2025-07-29,app,beleza,3,476.72,0,1430.16
PED-00625,CLI-0480,2025-02-08,app,casa,2,399.24,10,718.63
PED-00626,CLI-0169,2025-03-24,site,beleza,6,253.29,0,1519.74
PED-00627,CLI-0431,2026-06-07,loja,livros,3,496.78,20,1192.27
PED-00628,CLI-0131,2025-03-24,loja,eletrônicos,6,450.89,0,2705.34
PED-00629,CLI-0537,2026-02-10,marketplace,eletrônicos,4,292.54,15,994.64
PED-00630,CLI-0507,2026-02-17,marketplace,esporte,6,307.29,0,1843.74
PED-00631,CLI-0545,2025-04-06,marketplace,casa,3,541.83,10,1462.94
PED-00632,CLI-0092,2025-05-26,site,casa,5,386.82,15,1643.98
PED-00633,CLI-0481,2026-06-25,marketplace,casa,3,135.05,0,405.15
PED-00634,CLI-0411,2025-06-06,app,esporte,1,223.56,10,201.2
PED-00635,CLI-0234,2025-10-30,loja,beleza,2,379.98,5,721.96
PED-00636,CLI-0570,2025-12-11,loja,livros,5,200.67,0,1003.35
PED-00637,CLI-0377,2025-10-20,app,eletrônicos,4,246.97,20,790.3
PED-00638,CLI-0033,2026-04-27,site,casa,1,342.56,0,342.56
PED-00639,CLI-0479,2025-04-04,app,esporte,1,436.5,15,371.02
PED-00640,CLI-0360,2026-01-21,marketplace,esporte,2,449.59,0,899.18
PED-00641,CLI-0175,2025-07-29,app,livros,6,463.23,0,2779.38
PED-00642,CLI-0067,2026-06-02,marketplace,esporte,4,187.31,0,749.24
PED-00643,CLI-0011,2025-01-06,loja,beleza,1,384.72,0,384.72
PED-00644,CLI-0024,2026-06-16,marketplace,casa,4,268.48,15,912.83
PED-00645,CLI-0459,2025-06-07,app,esporte,4,213.63,20,683.62
PED-00646,CLI-0287,2026-06-11,site,esporte,3,406.07,15,1035.48
PED-00647,CLI-0024,2026-03-18,app,esporte,1,515.32,10,463.79
PED-00648,CLI-0375,2025-04-10,site,eletrônicos,4,202.95,20,649.44
PED-00649,CLI-0253,2025-10-20,loja,esporte,3,492.78,20,1182.67
PED-00650,CLI-0506,2026-03-22,app,casa,5,545.97,0,2729.85
PED-00651,CLI-0334,2026-07-07,app,beleza,4,503.45,0,2013.8
PED-00652,CLI-0448,2026-08-10,loja,eletrônicos,1,434.6,5,412.87
PED-00653,CLI-0311,2026-07-21,marketplace,esporte,2,297.66,20,476.26
PED-00654,CLI-0553,2025-04-03,app,esporte,5,352.12,20,1408.48
PED-00655,CLI-0045,2025-10-08,marketplace,beleza,2,533.26,0,1066.52
PED-00656,CLI-0405,2025-11-23,app,livros,5,153.45,0,767.25
PED-00657,CLI-0585,2025-03-01,marketplace,livros,2,169.52,10,305.14
PED-00658,CLI-0272,2026-02-07,app,livros,5,619.85,0,3099.25
PED-00659,CLI-0338,2025-08-26,app,eletrônicos,3,176.72,5,503.65
PED-00660,CLI-0033,2025-07-11,app,beleza,1,451.57,5,428.99
PED-00661,CLI-0047,2026-04-08,app,livros,1,21.23,10,19.11
PED-00662,CLI-0438,2025-11-14,site,livros,4,411.04,5,1561.95
PED-00663,CLI-0452,2025-03-02,loja,esporte,2,319.43,0,638.86
PED-00664,CLI-0084,2026-03-17,marketplace,eletrônicos,6,595.65,0,3573.9
PED-00665,CLI-0046,2025-07-10,app,beleza,2,91.18,0,182.36
PED-00666,CLI-0565,2026-02-19,marketplace,beleza,6,215.82,0,1294.92
PED-00667,CLI-0046,2025-03-13,site,livros,6,373.83,15,1906.53
PED-00668,CLI-0221,2025-05-06,app,livros,3,347.36,0,1042.08
PED-00669,CLI-0411,2025-05-15,site,eletrônicos,5,280.9,15,1193.83
PED-00670,CLI-0001,2025-08-17,site,casa,5,216.32,15,919.36
PED-00671,CLI-0198,2026-08-24,site,eletrônicos,3,514.38,5,1465.98
PED-00672,CLI-0363,2025-02-01,marketplace,eletrônicos,1,134.52,0,134.52
PED-00673,CLI-0057,2026-07-09,marketplace,eletrônicos,1,593.89,10,534.5
PED-00674,CLI-0119,2025-10-30,app,esporte,5,377.11,10,1697.0
PED-00675,CLI-0124,2026-01-18,site,beleza,1,572.32,0,572.32
PED-00676,CLI-0084,2025-08-16,marketplace,esporte,5,278.25,5,1321.69
PED-00677,CLI-0319,2025-03-20,app,beleza,4,22.92,0,91.68
PED-00678,CLI-0572,2025-07-28,loja,eletrônicos,6,120.98,20,580.7
PED-00679,CLI-0086,2026-05-18,app,beleza,6,82.09,5,467.91
PED-00680,CLI-0200,2025-08-14,loja,beleza,2,531.68,0,1063.36
PED-00681,CLI-0577,2025-12-28,loja,eletrônicos,2,625.81,0,1251.62
PED-00682,CLI-0075,2025-02-23,marketplace,esporte,2,320.1,15,544.17
PED-00683,CLI-0159,2026-01-07,marketplace,livros,5,369.18,5,1753.61
PED-00684,CLI-0070,2026-07-08,app,esporte,1,263.63,0,263.63
PED-00685,CLI-0061,2025-05-15,marketplace,beleza,6,38.75,0,232.5
PED-00686,CLI-0096,2026-01-15,app,eletrônicos,1,289.33,5,274.86
PED-00687,CLI-0065,2025-05-01,site,eletrônicos,5,290.78,20,1163.12
PED-00688,CLI-0236,2025-05-15,app,casa,6,467.01,20,2241.65
PED-00689,CLI-0521,2025-03-02,marketplace,beleza,2,223.11,10,401.6
PED-00690,CLI-0227,2025-05-19,site,livros,1,289.25,0,289.25
PED-00691,CLI-0518,2025-12-16,site,eletrônicos,5,290.06,15,1232.75
PED-00692,CLI-0585,2026-08-20,marketplace,beleza,6,262.52,0,1575.12
PED-00693,CLI-0168,2025-02-19,site,eletrônicos,3,245.08,0,735.24
PED-00694,CLI-0433,2025-05-25,site,beleza,1,550.49,20,440.39
PED-00695,CLI-0106,2025-05-06,site,livros,4,514.77,20,1647.26
PED-00696,CLI-0044,2025-09-19,site,beleza,6,521.23,5,2971.01
PED-00697,CLI-0566,2026-05-27,app,livros,1,180.21,20,144.17
PED-00698,CLI-0580,2026-03-12,loja,eletrônicos,5,223.83,0,1119.15
PED-00699,CLI-0341,2026-02-18,site,esporte,1,391.27,20,313.02
PED-00700,CLI-0349,2025-05-15,marketplace,esporte,6,615.03,0,3690.18
PED-00701,CLI-0560,2026-07-25,loja,beleza,2,450.45,15,765.76
PED-00702,CLI-0281,2025-02-11,site,livros,4,180.99,10,651.56
PED-00703,CLI-0298,2025-05-27,loja,esporte,6,408.99,0,2453.94
PED-00704,CLI-0196,2026-03-30,loja,esporte,4,131.22,20,419.9
PED-00705,CLI-0354,2026-02-20,app,eletrônicos,4,400.25,10,1440.9
PED-00706,CLI-0508,2025-04-09,app,beleza,4,610.91,0,2443.64
PED-00707,CLI-0385,2026-02-15,loja,beleza,1,314.67,0,314.67
PED-00708,CLI-0397,2025-01-15,app,beleza,2,628.57,15,1068.57
PED-00709,CLI-0400,2026-04-02,marketplace,casa,4,71.6,20,229.12
PED-00710,CLI-0195,2026-07-08,loja,beleza,4,293.16,20,938.11
PED-00711,CLI-0562,2026-06-19,marketplace,esporte,2,188.68,5,358.49
PED-00712,CLI-0162,2025-02-17,marketplace,esporte,1,268.17,5,254.76
PED-00713,CLI-0510,2025-10-30,app,casa,1,117.94,0,117.94
PED-00714,CLI-0152,2025-03-30,loja,casa,6,610.7,0,3664.2
PED-00715,CLI-0400,2025-07-27,site,eletrônicos,3,113.67,20,272.81
PED-00716,CLI-0317,2026-06-18,marketplace,eletrônicos,3,488.92,10,1320.08
PED-00717,CLI-0058,2026-04-09,loja,casa,2,86.26,20,138.02
PED-00718,CLI-0234,2025-01-09,loja,casa,6,245.51,15,1252.1
PED-00719,CLI-0279,2025-03-31,loja,esporte,2,472.4,10,850.32
PED-00720,CLI-0236,2025-01-18,loja,casa,3,405.18,20,972.43
PED-00721,CLI-0127,2025-09-06,site,beleza,2,98.19,15,166.92
PED-00722,CLI-0278,2025-03-29,loja,casa,2,600.3,10,1080.54
PED-00723,CLI-0077,2025-04-22,loja,eletrônicos,3,592.34,15,1510.47
PED-00724,CLI-0202,2026-07-06,marketplace,esporte,4,341.58,0,1366.32
PED-00725,CLI-0047,2026-07-12,app,eletrônicos,2,453.56,0,907.12
PED-00726,CLI-0234,2025-04-28,site,casa,4,606.11,0,2424.44
PED-00727,CLI-0530,2026-05-19,site,beleza,5,612.28,20,2449.12
PED-00728,CLI-0581,2025-04-22,marketplace,casa,6,27.79,0,166.74
PED-00729,CLI-0475,2025-11-15,marketplace,casa,2,633.2,0,1266.4
PED-00730,CLI-0290,2025-12-07,loja,casa,3,336.49,5,959.0
PED-00731,CLI-0515,2026-03-04,app,casa,2,502.9,0,1005.8
PED-00732,CLI-0303,2026-05-21,app,casa,6,112.23,0,673.38
PED-00733,CLI-0478,2025-11-26,app,beleza,2,224.62,0,449.24
PED-00734,CLI-0258,2025-01-26,loja,livros,3,47.11,0,141.33
PED-00735,CLI-0524,2025-08-24,marketplace,casa,5,483.29,0,2416.45
PED-00736,CLI-0446,2025-01-08,marketplace,esporte,3,296.95,5,846.31
PED-00737,CLI-0508,2025-02-15,loja,livros,5,99.21,10,446.44
PED-00738,CLI-0133,2026-05-28,site,esporte,4,67.95,15,231.03
PED-00739,CLI-0221,2025-11-17,marketplace,beleza,2,63.67,20,101.87
PED-00740,CLI-0140,2026-01-04,marketplace,casa,5,137.82,0,689.1
PED-00741,CLI-0303,2025-04-08,site,livros,6,431.86,5,2461.6
PED-00742,CLI-0125,2025-09-27,site,esporte,2,20.4,20,32.64
PED-00743,CLI-0146,2025-03-25,marketplace,livros,3,600.69,0,1802.07
PED-00744,CLI-0210,2025-12-27,app,eletrônicos,6,309.58,0,1857.48
PED-00745,CLI-0372,2026-05-06,app,casa,1,530.41,15,450.85
PED-00746,CLI-0169,2025-09-06,marketplace,beleza,3,514.43,5,1466.13
PED-00747,CLI-0047,2026-04-24,app,livros,1,76.29,20,61.03
PED-00748,CLI-0509,2025-08-20,loja,beleza,3,208.57,10,563.14
PED-00749,CLI-0071,2025-12-31,site,esporte,5,471.11,15,2002.22
PED-00750,CLI-0134,2026-06-09,site,livros,4,51.93,15,176.56
PED-00751,CLI-0262,2026-08-10,app,esporte,5,114.98,10,517.41
PED-00752,CLI-0296,2026-03-24,site,casa,2,343.46,5,652.57
PED-00753,CLI-0235,2025-08-08,loja,livros,1,119.23,0,119.23
PED-00754,CLI-0015,2026-07-25,loja,esporte,1,605.37,5,575.1
PED-00755,CLI-0538,2025-07-31,app,esporte,6,92.36,0,554.16
PED-00756,CLI-0509,2026-07-23,loja,eletrônicos,4,213.7,5,812.06
PED-00757,CLI-0421,2026-04-16,loja,esporte,1,157.79,5,149.9
PED-00758,CLI-0387,2025-01-13,app,casa,1,442.84,5,420.7
PED-00759,CLI-0552,2026-07-17,app,eletrônicos,2,93.93,0,187.86
PED-00760,CLI-0426,2026-08-18,app,esporte,2,560.71,10,1009.28
PED-00761,CLI-0437,2026-07-23,loja,casa,3,499.94,0,1499.82
PED-00762,CLI-0369,2025-07-30,marketplace,beleza,2,555.51,0,1111.02
PED-00763,CLI-0411,2025-06-20,marketplace,eletrônicos,6,498.63,5,2842.19
PED-00764,CLI-0097,2025-10-07,app,casa,5,240.66,0,1203.3
PED-00765,CLI-0349,2025-09-16,loja,beleza,6,595.74,0,3574.44
PED-00766,CLI-0317,2026-07-30,marketplace,livros,1,89.08,10,80.17
PED-00767,CLI-0122,2025-04-11,site,esporte,2,629.06,0,1258.12
PED-00768,CLI-0486,2025-08-29,site,livros,4,370.23,0,1480.92
PED-00769,CLI-0386,2026-07-27,loja,beleza,6,476.73,0,2860.38
PED-00770,CLI-0347,2025-04-08,loja,livros,1,453.64,15,385.59
PED-00771,CLI-0265,2026-07-20,app,eletrônicos,6,466.56,10,2519.42
PED-00772,CLI-0107,2025-09-10,app,esporte,4,380.65,0,1522.6
PED-00773,CLI-0509,2025-07-18,app,esporte,6,266.93,10,1441.42
PED-00774,CLI-0488,2026-02-14,marketplace,livros,4,288.29,5,1095.5
PED-00775,CLI-0436,2026-08-05,site,casa,2,246.08,10,442.94
PED-00776,CLI-0075,2025-11-13,loja,casa,1,324.85,10,292.37
PED-00777,CLI-0558,2026-07-23,loja,casa,1,624.68,15,530.98
PED-00778,CLI-0206,2026-03-19,site,esporte,4,558.34,0,2233.36
PED-00779,CLI-0034,2026-02-20,site,eletrônicos,1,247.62,0,247.62
PED-00780,CLI-0316,2025-03-25,site,livros,2,403.39,0,806.78
PED-00781,CLI-0258,2025-10-17,marketplace,beleza,2,491.61,5,934.06
PED-00782,CLI-0014,2025-06-10,site,eletrônicos,1,183.3,10,164.97
PED-00783,CLI-0257,2026-06-22,marketplace,beleza,4,79.46,5,301.95
PED-00784,CLI-0585,2025-01-19,site,livros,3,548.4,20,1316.16
PED-00785,CLI-0391,2026-05-08,marketplace,beleza,2,353.16,0,706.32
PED-00786,CLI-0397,2026-08-10,marketplace,casa,4,309.85,0,1239.4
PED-00787,CLI-0047,2025-02-07,app,casa,5,444.97,0,2224.85
PED-00788,CLI-0178,2026-04-15,site,livros,2,291.24,0,582.48
PED-00789,CLI-0163,2026-06-06,loja,livros,4,376.73,5,1431.57
PED-00790,CLI-0373,2026-04-26,loja,esporte,1,438.01,20,350.41
PED-00791,CLI-0479,2025-07-20,site,eletrônicos,2,503.52,5,956.69
PED-00792,CLI-0099,2025-04-29,marketplace,esporte,6,230.13,15,1173.66
PED-00793,CLI-0424,2025-07-30,site,beleza,6,528.89,15,2697.34
PED-00794,CLI-0566,2026-03-11,marketplace,eletrônicos,5,233.09,10,1048.9
PED-00795,CLI-0486,2025-02-05,app,livros,5,234.79,10,1056.56
PED-00796,CLI-0301,2026-05-28,app,casa,4,641.35,5,2437.13
PED-00797,CLI-0053,2026-02-25,app,esporte,3,189.61,5,540.39
PED-00798,CLI-0505,2025-07-25,marketplace,livros,2,327.68,20,524.29
PED-00799,CLI-0456,2026-02-08,marketplace,esporte,3,482.74,10,1303.4
PED-00800,CLI-0081,2025-09-23,loja,livros,5,418.06,5,1985.79
PED-00801,CLI-0328,2025-09-02,site,casa,3,557.52,0,1672.56
PED-00802,CLI-0454,2025-09-17,marketplace,casa,1,507.58,0,507.58
PED-00803,CLI-0537,2025-01-06,marketplace,livros,5,476.18,15,2023.77
PED-00804,CLI-0028,2025-08-21,app,esporte,6,412.21,0,2473.26
PED-00805,CLI-0494,2025-12-24,site,livros,3,368.11,0,1104.33
PED-00806,CLI-0547,2025-08-24,loja,esporte,5,154.46,15,656.46
PED-00807,CLI-0124,2026-08-18,app,esporte,2,135.89,10,244.6
PED-00808,CLI-0044,2026-01-24,loja,eletrônicos,3,634.84,10,1714.07
PED-00809,CLI-0282,2026-05-02,site,livros,2,307.83,0,615.66
PED-00810,CLI-0181,2025-01-02,loja,eletrônicos,6,574.1,0,3444.6
PED-00811,CLI-0145,2025-11-18,marketplace,livros,1,47.0,15,39.95
PED-00812,CLI-0596,2026-06-13,marketplace,casa,2,567.43,5,1078.12
PED-00813,CLI-0288,2025-07-26,marketplace,livros,3,602.3,5,1716.55
PED-00814,CLI-0224,2026-02-08,app,esporte,4,489.2,0,1956.8
PED-00815,CLI-0115,2025-07-21,loja,beleza,5,409.42,0,2047.1
PED-00816,CLI-0590,2025-05-31,loja,eletrônicos,1,465.91,20,372.73
PED-00817,CLI-0501,2025-02-24,marketplace,eletrônicos,1,31.37,15,26.66
PED-00818,CLI-0336,2026-05-10,site,esporte,5,87.63,20,350.52
PED-00819,CLI-0488,2025-11-03,marketplace,casa,5,183.82,5,873.14
PED-00820,CLI-0023,2026-06-15,marketplace,eletrônicos,2,647.37,20,1035.79
PED-00821,CLI-0458,2025-09-27,loja,livros,3,153.86,0,461.58
PED-00822,CLI-0350,2026-04-30,site,livros,5,390.91,20,1563.64
PED-00823,CLI-0479,2025-07-07,site,esporte,4,38.04,20,121.73
PED-00824,CLI-0482,2026-06-25,site,esporte,4,229.16,20,733.31
PED-00825,CLI-0555,2025-03-29,site,casa,6,552.76,15,2819.08
PED-00826,CLI-0098,2025-07-06,app,beleza,2,576.09,5,1094.57
PED-00827,CLI-0260,2025-04-23,loja,beleza,2,136.57,5,259.48
PED-00828,CLI-0213,2026-06-18,app,esporte,3,624.69,0,1874.07
PED-00829,CLI-0518,2026-02-26,site,esporte,5,299.81,0,1499.05
PED-00830,CLI-0415,2026-08-16,loja,eletrônicos,1,497.37,15,422.76
PED-00831,CLI-0037,2025-01-31,marketplace,beleza,4,186.95,5,710.41
PED-00832,CLI-0452,2025-07-29,loja,beleza,5,448.22,0,2241.1
PED-00833,CLI-0360,2025-07-20,marketplace,casa,1,162.09,10,145.88
PED-00834,CLI-0008,2026-03-20,loja,livros,3,435.08,15,1109.45
PED-00835,CLI-0011,2025-05-13,app,eletrônicos,4,134.73,0,538.92
PED-00836,CLI-0251,2026-04-08,marketplace,livros,5,567.29,10,2552.8
PED-00837,CLI-0505,2025-09-09,loja,beleza,6,617.28,5,3518.5
PED-00838,CLI-0043,2026-05-30,loja,beleza,3,617.24,0,1851.72
PED-00839,CLI-0035,2025-08-09,marketplace,livros,1,144.34,0,144.34
PED-00840,CLI-0351,2026-03-23,app,esporte,1,551.88,20,441.5
PED-00841,CLI-0212,2025-02-25,site,casa,1,487.71,0,487.71
PED-00842,CLI-0170,2026-02-16,app,livros,4,141.77,0,567.08
PED-00843,CLI-0251,2026-02-14,site,esporte,3,185.31,0,555.93
PED-00844,CLI-0062,2025-05-01,app,esporte,3,191.91,20,460.58
PED-00845,CLI-0366,2025-08-02,app,eletrônicos,2,34.28,0,68.56
PED-00846,CLI-0132,2026-07-26,app,eletrônicos,3,20.77,0,62.31
PED-00847,CLI-0394,2026-06-29,app,eletrônicos,2,460.26,20,736.42
PED-00848,CLI-0034,2025-11-05,app,eletrônicos,5,570.68,20,2282.72
PED-00849,CLI-0460,2025-12-21,app,beleza,3,353.39,15,901.14
PED-00850,CLI-0458,2026-01-03,app,beleza,4,496.1,5,1885.18
PED-00851,CLI-0338,2026-06-23,loja,casa,6,113.03,20,542.54
PED-00852,CLI-0549,2026-06-23,app,esporte,1,254.84,0,254.84
PED-00853,CLI-0142,2025-05-29,marketplace,livros,6,136.69,10,738.13
PED-00854,CLI-0517,2025-05-15,loja,casa,5,242.38,0,1211.9
PED-00855,CLI-0429,2026-01-07,site,livros,3,426.6,15,1087.83
PED-00856,CLI-0526,2025-12-13,site,beleza,5,43.92,0,219.6
PED-00857,CLI-0337,2026-03-10,loja,livros,6,477.29,20,2290.99
PED-00858,CLI-0347,2026-05-29,site,livros,4,263.01,15,894.23
PED-00859,CLI-0118,2026-06-09,loja,eletrônicos,5,196.05,15,833.21
PED-00860,CLI-0296,2026-06-07,marketplace,livros,5,104.1,0,520.5
PED-00861,CLI-0455,2025-02-12,marketplace,beleza,2,597.83,0,1195.66
PED-00862,CLI-0216,2026-01-05,loja,livros,3,513.4,10,1386.18
PED-00863,CLI-0520,2026-06-05,app,casa,5,67.17,0,335.85
PED-00864,CLI-0458,2026-04-03,marketplace,esporte,4,508.41,0,2033.64
PED-00865,CLI-0185,2026-05-20,loja,livros,3,253.17,20,607.61
PED-00866,CLI-0152,2025-05-01,loja,beleza,2,155.03,5,294.56
PED-00867,CLI-0040,2025-09-12,site,esporte,4,394.76,10,1421.14
PED-00868,CLI-0373,2025-03-05,loja,beleza,6,198.13,0,1188.78
PED-00869,CLI-0473,2025-11-14,loja,eletrônicos,5,452.81,5,2150.85
PED-00870,CLI-0578,2026-03-23,loja,esporte,4,101.79,15,346.09
PED-00871,CLI-0227,2026-05-16,loja,eletrônicos,1,115.35,0,115.35
PED-00872,CLI-0022,2025-06-22,marketplace,livros,4,290.35,0,1161.4
PED-00873,CLI-0503,2025-05-07,app,esporte,2,593.92,0,1187.84
PED-00874,CLI-0290,2026-02-11,loja,eletrônicos,3,142.72,0,428.16
PED-00875,CLI-0051,2025-07-26,site,livros,3,83.23,15,212.24
PED-00876,CLI-0297,2025-10-17,loja,livros,3,230.6,0,691.8
PED-00877,CLI-0192,2025-12-11,site,esporte,3,601.74,20,1444.18
PED-00878,CLI-0496,2026-07-26,marketplace,esporte,6,153.68,0,922.08
PED-00879,CLI-0365,2026-06-06,site,livros,1,372.23,20,297.78
PED-00880,CLI-0053,2026-08-18,loja,casa,1,36.94,5,35.09
PED-00881,CLI-0483,2025-03-23,loja,casa,4,74.12,0,296.48
PED-00882,CLI-0598,2025-04-06,app,casa,6,471.9,5,2689.83
PED-00883,CLI-0249,2026-02-05,site,esporte,5,260.51,0,1302.55
PED-00884,CLI-0519,2025-02-06,loja,eletrônicos,5,381.88,10,1718.46
PED-00885,CLI-0566,2025-04-01,app,beleza,1,250.93,20,200.74
PED-00886,CLI-0210,2025-03-22,app,eletrônicos,1,86.27,20,69.02
PED-00887,CLI-0195,2025-06-15,app,casa,4,198.14,0,792.56
PED-00888,CLI-0044,2026-08-08,app,eletrônicos,4,171.57,10,617.65
PED-00889,CLI-0532,2025-08-30,app,eletrônicos,5,372.25,5,1768.19
PED-00890,CLI-0305,2026-07-28,loja,esporte,5,406.64,10,1829.88
PED-00891,CLI-0464,2026-06-17,marketplace,esporte,1,493.7,5,469.01
PED-00892,CLI-0139,2025-09-12,site,beleza,6,575.41,20,2761.97
PED-00893,CLI-0191,2025-08-27,loja,casa,3,341.9,0,1025.7
PED-00894,CLI-0153,2026-02-19,marketplace,livros,4,202.61,0,810.44
PED-00895,CLI-0573,2025-10-09,app,casa,1,180.84,15,153.71
PED-00896,CLI-0246,2026-05-22,marketplace,beleza,5,536.51,5,2548.42
PED-00897,CLI-0563,2025-12-02,marketplace,esporte,5,76.73,15,326.1
PED-00898,CLI-0319,2025-11-06,marketplace,beleza,3,403.13,0,1209.39
PED-00899,CLI-0394,2026-04-02,app,beleza,6,73.81,0,442.86
PED-00900,CLI-0339,2025-12-09,marketplace,esporte,2,76.05,0,152.1
PED-00901,CLI-0286,2025-11-15,site,casa,6,109.12,10,589.25
PED-00902,CLI-0569,2026-01-23,marketplace,livros,5,497.69,20,1990.76
PED-00903,CLI-0532,2026-02-02,site,eletrônicos,4,282.37,20,903.58
PED-00904,CLI-0150,2026-07-05,app,casa,2,548.74,10,987.73
PED-00905,CLI-0191,2025-09-30,site,casa,4,372.04,0,1488.16
PED-00906,CLI-0572,2026-04-24,loja,eletrônicos,2,163.62,15,278.15
PED-00907,CLI-0528,2026-02-01,marketplace,esporte,6,468.17,0,2809.02
PED-00908,CLI-0335,2025-11-05,marketplace,beleza,6,576.21,10,3111.53
PED-00909,CLI-0338,2025-09-08,loja,beleza,1,604.65,20,483.72
PED-00910,CLI-0461,2026-01-30,marketplace,livros,6,523.65,0,3141.9
PED-00911,CLI-0003,2026-04-17,site,livros,5,261.56,15,1111.63
PED-00912,CLI-0406,2025-12-12,marketplace,esporte,1,555.03,0,555.03
PED-00913,CLI-0271,2025-09-25,app,esporte,6,179.44,10,968.98
PED-00914,CLI-0421,2025-08-18,site,livros,2,313.08,0,626.16
PED-00915,CLI-0260,2026-03-21,app,eletrônicos,3,139.9,0,419.7
PED-00916,CLI-0523,2025-03-04,marketplace,esporte,3,113.38,15,289.12
PED-00917,CLI-0378,2025-09-14,app,eletrônicos,4,470.11,20,1504.35
PED-00918,CLI-0095,2025-09-13,loja,eletrônicos,3,70.34,10,189.92
PED-00919,CLI-0242,2025-12-15,app,livros,4,254.41,0,1017.64
PED-00920,CLI-0270,2026-07-15,app,casa,3,49.39,0,148.17
PED-00921,CLI-0488,2025-07-10,marketplace,esporte,6,373.6,20,1793.28
PED-00922,CLI-0049,2025-07-29,loja,casa,2,557.86,15,948.36
PED-00923,CLI-0412,2025-08-01,site,beleza,2,364.32,0,728.64
PED-00924,CLI-0040,2025-03-21,loja,casa,6,538.44,0,3230.64
PED-00925,CLI-0358,2025-05-10,marketplace,livros,5,69.52,0,347.6
PED-00926,CLI-0022,2026-08-18,loja,casa,4,246.69,10,888.08
PED-00927,CLI-0440,2026-04-30,site,eletrônicos,1,462.48,0,462.48
PED-00928,CLI-0199,2025-10-24,site,livros,2,218.05,10,392.49
PED-00929,CLI-0376,2025-01-07,site,casa,6,323.88,15,1651.79
PED-00930,CLI-0157,2025-02-11,app,eletrônicos,4,66.54,10,239.54
PED-00931,CLI-0348,2026-02-16,app,esporte,5,389.41,0,1947.05
PED-00932,CLI-0159,2025-04-23,site,livros,3,648.95,0,1946.85
PED-00933,CLI-0289,2025-09-09,app,eletrônicos,1,403.26,5,383.1
PED-00934,CLI-0408,2025-07-03,site,casa,4,286.59,0,1146.36
PED-00935,CLI-0365,2025-08-15,loja,beleza,2,271.88,5,516.57
PED-00936,CLI-0465,2025-01-23,loja,livros,4,500.11,0,2000.44
PED-00937,CLI-0056,2025-12-13,app,esporte,2,284.06,0,568.12
PED-00938,CLI-0322,2026-04-30,site,eletrônicos,6,54.3,5,309.51
PED-00939,CLI-0448,2025-01-08,marketplace,eletrônicos,3,588.96,20,1413.5
PED-00940,CLI-0078,2026-03-13,site,casa,5,19.73,5,93.72
PED-00941,CLI-0393,2025-03-27,marketplace,beleza,6,348.25,20,1671.6
PED-00942,CLI-0193,2025-07-27,app,casa,2,632.2,0,1264.4
PED-00943,CLI-0543,2025-01-18,loja,beleza,6,564.7,0,3388.2
PED-00944,CLI-0339,2025-11-24,marketplace,eletrônicos,1,568.39,5,539.97
PED-00945,CLI-0111,2026-03-29,app,eletrônicos,5,205.58,0,1027.9
PED-00946,CLI-0272,2025-06-01,marketplace,beleza,3,129.63,15,330.56
PED-00947,CLI-0114,2025-12-09,site,casa,6,605.04,0,3630.24
PED-00948,CLI-0067,2025-02-05,loja,livros,3,61.5,20,147.6
PED-00949,CLI-0101,2026-07-12,site,beleza,5,38.72,0,193.6
PED-00950,CLI-0374,2025-08-15,app,casa,2,197.76,20,316.42
PED-00951,CLI-0324,2026-03-03,marketplace,livros,2,500.82,0,1001.64
PED-00952,CLI-0055,2025-11-06,site,beleza,2,312.17,20,499.47
PED-00953,CLI-0270,2026-07-08,app,esporte,3,93.54,20,224.5
PED-00954,CLI-0099,2026-04-05,marketplace,eletrônicos,1,422.35,0,422.35
PED-00955,CLI-0189,2025-10-04,loja,beleza,4,56.86,20,181.95
PED-00956,CLI-0230,2025-06-23,app,beleza,5,585.87,20,2343.48
PED-00957,CLI-0553,2026-04-27,loja,esporte,1,301.82,20,241.46
PED-00958,CLI-0456,2026-06-26,loja,eletrônicos,1,304.94,10,274.45
PED-00959,CLI-0243,2025-12-30,app,eletrônicos,5,77.66,15,330.05
PED-00960,CLI-0372,2025-03-12,site,esporte,1,451.32,15,383.62
PED-00961,CLI-0076,2026-07-16,marketplace,beleza,2,174.32,15,296.34
PED-00962,CLI-0029,2025-08-05,loja,livros,4,199.71,5,758.9
PED-00963,CLI-0304,2025-02-14,loja,casa,4,239.44,15,814.1
PED-00964,CLI-0378,2025-12-09,marketplace,eletrônicos,5,146.06,20,584.24
PED-00965,CLI-0591,2026-05-25,loja,esporte,4,564.68,0,2258.72
PED-00966,CLI-0329,2025-07-04,marketplace,casa,1,314.39,15,267.23
PED-00967,CLI-0164,2025-07-06,marketplace,eletrônicos,4,87.94,15,299.0
PED-00968,CLI-0067,2025-05-12,site,beleza,6,433.63,20,2081.42
PED-00969,CLI-0121,2026-03-23,site,beleza,5,561.99,0,2809.95
PED-00970,CLI-0070,2025-08-14,loja,beleza,4,547.89,10,1972.4
PED-00971,CLI-0051,2025-01-04,site,casa,5,60.5,5,287.38
PED-00972,CLI-0173,2025-05-20,site,livros,4,454.27,15,1544.52
PED-00973,CLI-0508,2026-06-21,site,eletrônicos,4,311.84,5,1184.99
PED-00974,CLI-0395,2025-10-12,app,eletrônicos,6,390.04,0,2340.24
PED-00975,CLI-0411,2025-04-18,loja,esporte,5,230.26,15,978.6
PED-00976,CLI-0326,2025-01-29,loja,esporte,4,302.15,15,1027.31
PED-00977,CLI-0172,2026-07-31,app,eletrônicos,6,88.83,10,479.68
PED-00978,CLI-0411,2025-12-29,app,beleza,1,631.63,0,631.63
PED-00979,CLI-0179,2026-04-16,loja,eletrônicos,3,479.74,20,1151.38
PED-00980,CLI-0479,2025-02-19,loja,beleza,4,243.58,5,925.6
PED-00981,CLI-0555,2026-03-03,site,beleza,6,316.86,0,1901.16
PED-00982,CLI-0509,2025-05-14,loja,beleza,6,89.42,15,456.04
PED-00983,CLI-0245,2026-04-06,loja,beleza,3,333.45,10,900.31
PED-00984,CLI-0550,2025-12-08,app,livros,6,365.64,0,2193.84
PED-00985,CLI-0128,2026-01-31,app,livros,5,383.73,5,1822.72
PED-00986,CLI-0205,2025-05-29,site,esporte,1,550.37,10,495.33
PED-00987,CLI-0153,2025-09-18,marketplace,esporte,4,422.74,0,1690.96
PED-00988,CLI-0600,2025-04-25,app,casa,5,74.28,5,352.83
PED-00989,CLI-0079,2026-01-14,app,beleza,2,446.65,0,893.3
PED-00990,CLI-0403,2026-05-05,app,beleza,5,154.99,0,774.95
PED-00991,CLI-0340,2026-05-04,app,esporte,3,164.71,0,494.13
PED-00992,CLI-0284,2025-06-25,marketplace,livros,1,103.79,15,88.22
PED-00993,CLI-0572,2026-05-07,app,esporte,5,96.3,0,481.5
PED-00994,CLI-0463,2025-07-21,app,beleza,3,489.48,0,1468.44
PED-00995,CLI-0085,2025-06-19,marketplace,esporte,2,104.87,0,209.74
PED-00996,CLI-0251,2026-06-07,loja,esporte,4,230.13,0,920.52
PED-00997,CLI-0334,2026-01-18,marketplace,esporte,6,427.77,0,2566.62
PED-00998,CLI-0209,2026-05-10,site,casa,5,67.85,0,339.25
PED-00999,CLI-0212,2025-11-05,loja,casa,2,208.74,0,417.48
PED-01000,CLI-0339,2026-05-30,marketplace,livros,6,66.34,15,338.33
